"metric","value","direction","denominator","units","notes","dataset_key","method_id","method","dataset","metric_label"
"batch_weighted_pc_r2_categorical",0.965647338615417,"lower",450,"weighted R-squared","Batch is explicitly categorical.","simulation","raw","Raw","Simulation","Batch weighted-PC R²"
"heldout_qc_cv_mean",44.2100431097472,"lower",1000,"percent","","simulation","raw","Raw","Simulation","Held-out QC CV (%)"
"residual_ljung_box_proportion_significant",0.2482,"lower",5000,"proportion","","simulation","raw","Raw","Simulation","Ljung-Box positive"
"residual_run_order_gam_mean_deviance",0.12764961730634,"lower",5000,"proportion","","simulation","raw","Raw","Simulation","Residual GAM deviance"
"batch_weighted_pc_r2_categorical",0.000103519147488483,"lower",450,"weighted R-squared","Batch is explicitly categorical.","simulation","combat","ComBat","Simulation","Batch weighted-PC R²"
"heldout_qc_cv_mean",12.404955532938,"lower",1000,"percent","","simulation","combat","ComBat","Simulation","Held-out QC CV (%)"
"residual_ljung_box_proportion_significant",0.2482,"lower",5000,"proportion","","simulation","combat","ComBat","Simulation","Ljung-Box positive"
"residual_run_order_gam_mean_deviance",0.127649520286793,"lower",5000,"proportion","","simulation","combat","ComBat","Simulation","Residual GAM deviance"
"batch_weighted_pc_r2_categorical",9.55201604490419e-05,"lower",450,"weighted R-squared","Batch is explicitly categorical.","simulation","qc_rlsc","QC-RLSC","Simulation","Batch weighted-PC R²"
"heldout_qc_cv_mean",11.3390164195857,"lower",1000,"percent","","simulation","qc_rlsc","QC-RLSC","Simulation","Held-out QC CV (%)"
"residual_ljung_box_proportion_significant",0.0674,"lower",5000,"proportion","","simulation","qc_rlsc","QC-RLSC","Simulation","Ljung-Box positive"
"residual_run_order_gam_mean_deviance",0.0533851989108539,"lower",5000,"proportion","","simulation","qc_rlsc","QC-RLSC","Simulation","Residual GAM deviance"
"batch_weighted_pc_r2_categorical",0.144040149745443,"lower",450,"weighted R-squared","Batch is explicitly categorical.","simulation","qc_rfsc","QC-RFSC","Simulation","Batch weighted-PC R²"
"heldout_qc_cv_mean",14.7280131359941,"lower",1000,"percent","","simulation","qc_rfsc","QC-RFSC","Simulation","Held-out QC CV (%)"
"residual_ljung_box_proportion_significant",0.2126,"lower",5000,"proportion","","simulation","qc_rfsc","QC-RFSC","Simulation","Ljung-Box positive"
"residual_run_order_gam_mean_deviance",0.131085396618962,"lower",5000,"proportion","","simulation","qc_rfsc","QC-RFSC","Simulation","Residual GAM deviance"
"batch_weighted_pc_r2_categorical",0.0856924649544889,"lower",450,"weighted R-squared","Batch is explicitly categorical.","simulation","tiger","TIGER","Simulation","Batch weighted-PC R²"
"heldout_qc_cv_mean",9.77314523581495,"lower",1000,"percent","","simulation","tiger","TIGER","Simulation","Held-out QC CV (%)"
"residual_ljung_box_proportion_significant",0.1754,"lower",5000,"proportion","","simulation","tiger","TIGER","Simulation","Ljung-Box positive"
"residual_run_order_gam_mean_deviance",0.0852308695427575,"lower",5000,"proportion","","simulation","tiger","TIGER","Simulation","Residual GAM deviance"
"batch_weighted_pc_r2_categorical",0.000686301131247359,"lower",450,"weighted R-squared","Batch is explicitly categorical.","simulation","serrf","SERRF","Simulation","Batch weighted-PC R²"
"heldout_qc_cv_mean",12.495344300561,"lower",1000,"percent","","simulation","serrf","SERRF","Simulation","Held-out QC CV (%)"
"residual_ljung_box_proportion_significant",0.2006,"lower",5000,"proportion","","simulation","serrf","SERRF","Simulation","Ljung-Box positive"
"residual_run_order_gam_mean_deviance",0.0997710875953133,"lower",5000,"proportion","","simulation","serrf","SERRF","Simulation","Residual GAM deviance"
"batch_weighted_pc_r2_categorical",0.00100135976133962,"lower",450,"weighted R-squared","Batch is explicitly categorical.","simulation","winn_auto_qc","WiNN auto (QC)","Simulation","Batch weighted-PC R²"
"heldout_qc_cv_mean",8.78288536211856,"lower",1000,"percent","","simulation","winn_auto_qc","WiNN auto (QC)","Simulation","Held-out QC CV (%)"
"residual_ljung_box_proportion_significant",0.0086,"lower",5000,"proportion","","simulation","winn_auto_qc","WiNN auto (QC)","Simulation","Ljung-Box positive"
"residual_run_order_gam_mean_deviance",0.0190598805330619,"lower",5000,"proportion","","simulation","winn_auto_qc","WiNN auto (QC)","Simulation","Residual GAM deviance"
"batch_weighted_pc_r2_categorical",0.190350299562417,"lower",450,"weighted R-squared","Batch is explicitly categorical.","simulation","winn_auto_batch_qc","WiNN auto-batch (QC)","Simulation","Batch weighted-PC R²"
"heldout_qc_cv_mean",16.3142944058656,"lower",1000,"percent","","simulation","winn_auto_batch_qc","WiNN auto-batch (QC)","Simulation","Held-out QC CV (%)"
"residual_ljung_box_proportion_significant",0.231,"lower",5000,"proportion","","simulation","winn_auto_batch_qc","WiNN auto-batch (QC)","Simulation","Ljung-Box positive"
"residual_run_order_gam_mean_deviance",0.138876443356538,"lower",5000,"proportion","","simulation","winn_auto_batch_qc","WiNN auto-batch (QC)","Simulation","Residual GAM deviance"
"batch_weighted_pc_r2_categorical",0.000984578035653711,"lower",450,"weighted R-squared","Batch is explicitly categorical.","simulation","winn_fixed_no_qc","WiNN fixed default (no QC)","Simulation","Batch weighted-PC R²"
"heldout_qc_cv_mean",8.76629278513728,"lower",1000,"percent","","simulation","winn_fixed_no_qc","WiNN fixed default (no QC)","Simulation","Held-out QC CV (%)"
"residual_ljung_box_proportion_significant",0.0078,"lower",5000,"proportion","","simulation","winn_fixed_no_qc","WiNN fixed default (no QC)","Simulation","Ljung-Box positive"
"residual_run_order_gam_mean_deviance",0.020259360410254,"lower",5000,"proportion","","simulation","winn_fixed_no_qc","WiNN fixed default (no QC)","Simulation","Residual GAM deviance"
"batch_weighted_pc_r2_categorical",0.36098533296055,"lower",134,"weighted R-squared","Batch is explicitly categorical.","mtbls79","raw","Raw","MTBLS79","Batch weighted-PC R²"
"heldout_qc_cv_mean",28.75722275311,"lower",2488,"percent","","mtbls79","raw","Raw","MTBLS79","Held-out QC CV (%)"
"residual_ljung_box_proportion_significant",0.00296422829581994,"lower",19904,"proportion","","mtbls79","raw","Raw","MTBLS79","Ljung-Box positive"
"residual_run_order_gam_mean_deviance",0.14171601494383,"lower",19904,"proportion","","mtbls79","raw","Raw","MTBLS79","Residual GAM deviance"
"batch_weighted_pc_r2_categorical",0.00644324620622205,"lower",134,"weighted R-squared","Batch is explicitly categorical.","mtbls79","combat","ComBat","MTBLS79","Batch weighted-PC R²"
"heldout_qc_cv_mean",16.0925710818008,"lower",2488,"percent","","mtbls79","combat","ComBat","MTBLS79","Held-out QC CV (%)"
"residual_ljung_box_proportion_significant",0.00296422829581994,"lower",19904,"proportion","","mtbls79","combat","ComBat","MTBLS79","Ljung-Box positive"
"residual_run_order_gam_mean_deviance",0.141715985886593,"lower",19904,"proportion","","mtbls79","combat","ComBat","MTBLS79","Residual GAM deviance"
"batch_weighted_pc_r2_categorical",0.0287481539807132,"lower",134,"weighted R-squared","Batch is explicitly categorical.","mtbls79","qc_rlsc","QC-RLSC","MTBLS79","Batch weighted-PC R²"
"heldout_qc_cv_mean",182.843579133277,"lower",2488,"percent","","mtbls79","qc_rlsc","QC-RLSC","MTBLS79","Held-out QC CV (%)"
"residual_ljung_box_proportion_significant",0,"lower",19904,"proportion","","mtbls79","qc_rlsc","QC-RLSC","MTBLS79","Ljung-Box positive"
"residual_run_order_gam_mean_deviance",0.0965669642695464,"lower",19904,"proportion","","mtbls79","qc_rlsc","QC-RLSC","MTBLS79","Residual GAM deviance"
"batch_weighted_pc_r2_categorical",0.195482996167312,"lower",134,"weighted R-squared","Batch is explicitly categorical.","mtbls79","qc_rfsc","QC-RFSC","MTBLS79","Batch weighted-PC R²"
"heldout_qc_cv_mean",10.4280805137948,"lower",2488,"percent","","mtbls79","qc_rfsc","QC-RFSC","MTBLS79","Held-out QC CV (%)"
"residual_ljung_box_proportion_significant",0.0028637459807074,"lower",19904,"proportion","","mtbls79","qc_rfsc","QC-RFSC","MTBLS79","Ljung-Box positive"
"residual_run_order_gam_mean_deviance",0.156433139273831,"lower",19904,"proportion","","mtbls79","qc_rfsc","QC-RFSC","MTBLS79","Residual GAM deviance"
"batch_weighted_pc_r2_categorical",0.216351710561202,"lower",134,"weighted R-squared","Batch is explicitly categorical.","mtbls79","tiger","TIGER","MTBLS79","Batch weighted-PC R²"
"heldout_qc_cv_mean",13.8067334269856,"lower",2488,"percent","","mtbls79","tiger","TIGER","MTBLS79","Held-out QC CV (%)"
"residual_ljung_box_proportion_significant",0.00216036977491961,"lower",19904,"proportion","","mtbls79","tiger","TIGER","MTBLS79","Ljung-Box positive"
"residual_run_order_gam_mean_deviance",0.141563001447443,"lower",19904,"proportion","","mtbls79","tiger","TIGER","MTBLS79","Residual GAM deviance"
"batch_weighted_pc_r2_categorical",0.00841627689119447,"lower",134,"weighted R-squared","Batch is explicitly categorical.","mtbls79","serrf","SERRF","MTBLS79","Batch weighted-PC R²"
"heldout_qc_cv_mean",17.1093472644473,"lower",2488,"percent","","mtbls79","serrf","SERRF","MTBLS79","Held-out QC CV (%)"
"residual_ljung_box_proportion_significant",0.00296422829581994,"lower",19904,"proportion","","mtbls79","serrf","SERRF","MTBLS79","Ljung-Box positive"
"residual_run_order_gam_mean_deviance",0.141716005240871,"lower",19904,"proportion","","mtbls79","serrf","SERRF","MTBLS79","Residual GAM deviance"
"batch_weighted_pc_r2_categorical",0.0112766397992278,"lower",134,"weighted R-squared","Batch is explicitly categorical.","mtbls79","winn_auto_qc","WiNN auto (QC)","MTBLS79","Batch weighted-PC R²"
"heldout_qc_cv_mean",15.9914877921284,"lower",2488,"percent","","mtbls79","winn_auto_qc","WiNN auto (QC)","MTBLS79","Held-out QC CV (%)"
"residual_ljung_box_proportion_significant",0.000904340836012862,"lower",19904,"proportion","","mtbls79","winn_auto_qc","WiNN auto (QC)","MTBLS79","Ljung-Box positive"
"residual_run_order_gam_mean_deviance",0.139680203207515,"lower",19904,"proportion","","mtbls79","winn_auto_qc","WiNN auto (QC)","MTBLS79","Residual GAM deviance"
"batch_weighted_pc_r2_categorical",0.0244132144404738,"lower",134,"weighted R-squared","Batch is explicitly categorical.","mtbls79","winn_auto_batch_qc","WiNN auto-batch (QC)","MTBLS79","Batch weighted-PC R²"
"heldout_qc_cv_mean",17.2970798365999,"lower",2488,"percent","","mtbls79","winn_auto_batch_qc","WiNN auto-batch (QC)","MTBLS79","Held-out QC CV (%)"
"residual_ljung_box_proportion_significant",0.0010048231511254,"lower",19904,"proportion","","mtbls79","winn_auto_batch_qc","WiNN auto-batch (QC)","MTBLS79","Ljung-Box positive"
"residual_run_order_gam_mean_deviance",0.137855571136823,"lower",19904,"proportion","","mtbls79","winn_auto_batch_qc","WiNN auto-batch (QC)","MTBLS79","Residual GAM deviance"
"batch_weighted_pc_r2_categorical",0.0108480104370861,"lower",134,"weighted R-squared","Batch is explicitly categorical.","mtbls79","winn_fixed_no_qc","WiNN fixed default (no QC)","MTBLS79","Batch weighted-PC R²"
"heldout_qc_cv_mean",16.6785376235596,"lower",2488,"percent","","mtbls79","winn_fixed_no_qc","WiNN fixed default (no QC)","MTBLS79","Held-out QC CV (%)"
"residual_ljung_box_proportion_significant",0.00221061093247588,"lower",19904,"proportion","","mtbls79","winn_fixed_no_qc","WiNN fixed default (no QC)","MTBLS79","Ljung-Box positive"
"residual_run_order_gam_mean_deviance",0.140078697278888,"lower",19904,"proportion","","mtbls79","winn_fixed_no_qc","WiNN fixed default (no QC)","MTBLS79","Residual GAM deviance"
"batch_weighted_pc_r2_categorical",0.150509455379697,"lower",536,"weighted R-squared","Batch is explicitly categorical.","clinical_fiams","raw","Raw","Clinical FIA-MS","Batch weighted-PC R²"
"heldout_qc_cv_mean",16.5943872074111,"lower",1594,"percent","","clinical_fiams","raw","Raw","Clinical FIA-MS","Held-out QC CV (%)"
"residual_ljung_box_proportion_significant",0.154720828105395,"lower",12752,"proportion","","clinical_fiams","raw","Raw","Clinical FIA-MS","Ljung-Box positive"
"residual_run_order_gam_mean_deviance",0.120300147162855,"lower",12752,"proportion","","clinical_fiams","raw","Raw","Clinical FIA-MS","Residual GAM deviance"
"batch_weighted_pc_r2_categorical",0.00325637124009369,"lower",536,"weighted R-squared","Batch is explicitly categorical.","clinical_fiams","combat","ComBat","Clinical FIA-MS","Batch weighted-PC R²"
"heldout_qc_cv_mean",14.5490776587855,"lower",1594,"percent","","clinical_fiams","combat","ComBat","Clinical FIA-MS","Held-out QC CV (%)"
"residual_ljung_box_proportion_significant",0.154720828105395,"lower",12752,"proportion","","clinical_fiams","combat","ComBat","Clinical FIA-MS","Ljung-Box positive"
"residual_run_order_gam_mean_deviance",0.120300025396866,"lower",12752,"proportion","","clinical_fiams","combat","ComBat","Clinical FIA-MS","Residual GAM deviance"
"batch_weighted_pc_r2_categorical",0.00150491062425635,"lower",536,"weighted R-squared","Batch is explicitly categorical.","clinical_fiams","qc_rlsc","QC-RLSC","Clinical FIA-MS","Batch weighted-PC R²"
"heldout_qc_cv_mean",16.0721337884362,"lower",1594,"percent","","clinical_fiams","qc_rlsc","QC-RLSC","Clinical FIA-MS","Held-out QC CV (%)"
"residual_ljung_box_proportion_significant",0.172678795483061,"lower",12752,"proportion","","clinical_fiams","qc_rlsc","QC-RLSC","Clinical FIA-MS","Ljung-Box positive"
"residual_run_order_gam_mean_deviance",0.124361486408239,"lower",12752,"proportion","","clinical_fiams","qc_rlsc","QC-RLSC","Clinical FIA-MS","Residual GAM deviance"
"batch_weighted_pc_r2_categorical",0.0198201318449868,"lower",536,"weighted R-squared","Batch is explicitly categorical.","clinical_fiams","qc_rfsc","QC-RFSC","Clinical FIA-MS","Batch weighted-PC R²"
"heldout_qc_cv_mean",16.8529043310112,"lower",1594,"percent","","clinical_fiams","qc_rfsc","QC-RFSC","Clinical FIA-MS","Held-out QC CV (%)"
"residual_ljung_box_proportion_significant",0.141154328732748,"lower",12752,"proportion","","clinical_fiams","qc_rfsc","QC-RFSC","Clinical FIA-MS","Ljung-Box positive"
"residual_run_order_gam_mean_deviance",0.113596751181853,"lower",12752,"proportion","","clinical_fiams","qc_rfsc","QC-RFSC","Clinical FIA-MS","Residual GAM deviance"
"batch_weighted_pc_r2_categorical",0.0302796966078811,"lower",536,"weighted R-squared","Batch is explicitly categorical.","clinical_fiams","tiger","TIGER","Clinical FIA-MS","Batch weighted-PC R²"
"heldout_qc_cv_mean",14.0718306414914,"lower",1594,"percent","","clinical_fiams","tiger","TIGER","Clinical FIA-MS","Held-out QC CV (%)"
"residual_ljung_box_proportion_significant",0.0962986198243413,"lower",12752,"proportion","","clinical_fiams","tiger","TIGER","Clinical FIA-MS","Ljung-Box positive"
"residual_run_order_gam_mean_deviance",0.090270192098153,"lower",12752,"proportion","","clinical_fiams","tiger","TIGER","Clinical FIA-MS","Residual GAM deviance"
"batch_weighted_pc_r2_categorical",0.00559464409873415,"lower",536,"weighted R-squared","Batch is explicitly categorical.","clinical_fiams","serrf","SERRF","Clinical FIA-MS","Batch weighted-PC R²"
"heldout_qc_cv_mean",14.1245087357378,"lower",1594,"percent","","clinical_fiams","serrf","SERRF","Clinical FIA-MS","Held-out QC CV (%)"
"residual_ljung_box_proportion_significant",0.13801756587202,"lower",12752,"proportion","","clinical_fiams","serrf","SERRF","Clinical FIA-MS","Ljung-Box positive"
"residual_run_order_gam_mean_deviance",0.10794244146556,"lower",12752,"proportion","","clinical_fiams","serrf","SERRF","Clinical FIA-MS","Residual GAM deviance"
"batch_weighted_pc_r2_categorical",0.00218809939109416,"lower",536,"weighted R-squared","Batch is explicitly categorical.","clinical_fiams","winn_auto_qc","WiNN auto (QC)","Clinical FIA-MS","Batch weighted-PC R²"
"heldout_qc_cv_mean",10.9567695269855,"lower",1594,"percent","","clinical_fiams","winn_auto_qc","WiNN auto (QC)","Clinical FIA-MS","Held-out QC CV (%)"
"residual_ljung_box_proportion_significant",0.123902132998745,"lower",12752,"proportion","","clinical_fiams","winn_auto_qc","WiNN auto (QC)","Clinical FIA-MS","Ljung-Box positive"
"residual_run_order_gam_mean_deviance",0.082932682096861,"lower",12752,"proportion","","clinical_fiams","winn_auto_qc","WiNN auto (QC)","Clinical FIA-MS","Residual GAM deviance"
"batch_weighted_pc_r2_categorical",0.00698232019049261,"lower",536,"weighted R-squared","Batch is explicitly categorical.","clinical_fiams","winn_auto_batch_qc","WiNN auto-batch (QC)","Clinical FIA-MS","Batch weighted-PC R²"
"heldout_qc_cv_mean",11.0300999455018,"lower",1594,"percent","","clinical_fiams","winn_auto_batch_qc","WiNN auto-batch (QC)","Clinical FIA-MS","Held-out QC CV (%)"
"residual_ljung_box_proportion_significant",0.109002509410289,"lower",12752,"proportion","","clinical_fiams","winn_auto_batch_qc","WiNN auto-batch (QC)","Clinical FIA-MS","Ljung-Box positive"
"residual_run_order_gam_mean_deviance",0.0752175087682554,"lower",12752,"proportion","","clinical_fiams","winn_auto_batch_qc","WiNN auto-batch (QC)","Clinical FIA-MS","Residual GAM deviance"
"batch_weighted_pc_r2_categorical",0.00205430716992057,"lower",536,"weighted R-squared","Batch is explicitly categorical.","clinical_fiams","winn_fixed_no_qc","WiNN fixed default (no QC)","Clinical FIA-MS","Batch weighted-PC R²"
"heldout_qc_cv_mean",12.4044092100879,"lower",1594,"percent","","clinical_fiams","winn_fixed_no_qc","WiNN fixed default (no QC)","Clinical FIA-MS","Held-out QC CV (%)"
"residual_ljung_box_proportion_significant",0.0997490589711418,"lower",12752,"proportion","","clinical_fiams","winn_fixed_no_qc","WiNN fixed default (no QC)","Clinical FIA-MS","Ljung-Box positive"
"residual_run_order_gam_mean_deviance",0.0727686471322973,"lower",12752,"proportion","","clinical_fiams","winn_fixed_no_qc","WiNN fixed default (no QC)","Clinical FIA-MS","Residual GAM deviance"
"batch_weighted_pc_r2_categorical",0.561111591272931,"lower",710,"weighted R-squared","Batch is explicitly categorical.","batchcorr_set1","raw","Raw","BatchCorr Set 1","Batch weighted-PC R²"
"heldout_qc_cv_mean",66.5698818959707,"lower",199,"percent","","batchcorr_set1","raw","Raw","BatchCorr Set 1","Held-out QC CV (%)"
"residual_ljung_box_proportion_significant",0.175376884422111,"lower",1990,"proportion","","batchcorr_set1","raw","Raw","BatchCorr Set 1","Ljung-Box positive"
"residual_run_order_gam_mean_deviance",0.122438628105699,"lower",1990,"proportion","","batchcorr_set1","raw","Raw","BatchCorr Set 1","Residual GAM deviance"
"batch_weighted_pc_r2_categorical",0.000447151416436719,"lower",710,"weighted R-squared","Batch is explicitly categorical.","batchcorr_set1","combat","ComBat","BatchCorr Set 1","Batch weighted-PC R²"
"heldout_qc_cv_mean",30.3003564485775,"lower",199,"percent","","batchcorr_set1","combat","ComBat","BatchCorr Set 1","Held-out QC CV (%)"
"residual_ljung_box_proportion_significant",0.175376884422111,"lower",1990,"proportion","","batchcorr_set1","combat","ComBat","BatchCorr Set 1","Ljung-Box positive"
"residual_run_order_gam_mean_deviance",0.122438727653694,"lower",1990,"proportion","","batchcorr_set1","combat","ComBat","BatchCorr Set 1","Residual GAM deviance"
"batch_weighted_pc_r2_categorical",0.000194747919441527,"lower",710,"weighted R-squared","Batch is explicitly categorical.","batchcorr_set1","qc_rlsc","QC-RLSC","BatchCorr Set 1","Batch weighted-PC R²"
"heldout_qc_cv_mean",31.3032730527201,"lower",199,"percent","","batchcorr_set1","qc_rlsc","QC-RLSC","BatchCorr Set 1","Held-out QC CV (%)"
"residual_ljung_box_proportion_significant",0.105527638190955,"lower",1990,"proportion","","batchcorr_set1","qc_rlsc","QC-RLSC","BatchCorr Set 1","Ljung-Box positive"
"residual_run_order_gam_mean_deviance",0.0903091334483645,"lower",1990,"proportion","","batchcorr_set1","qc_rlsc","QC-RLSC","BatchCorr Set 1","Residual GAM deviance"
"batch_weighted_pc_r2_categorical",0.325051677252748,"lower",710,"weighted R-squared","Batch is explicitly categorical.","batchcorr_set1","qc_rfsc","QC-RFSC","BatchCorr Set 1","Batch weighted-PC R²"
"heldout_qc_cv_mean",53.2325962192054,"lower",199,"percent","","batchcorr_set1","qc_rfsc","QC-RFSC","BatchCorr Set 1","Held-out QC CV (%)"
"residual_ljung_box_proportion_significant",0.169346733668342,"lower",1990,"proportion","","batchcorr_set1","qc_rfsc","QC-RFSC","BatchCorr Set 1","Ljung-Box positive"
"residual_run_order_gam_mean_deviance",0.120635344473367,"lower",1990,"proportion","","batchcorr_set1","qc_rfsc","QC-RFSC","BatchCorr Set 1","Residual GAM deviance"
"batch_weighted_pc_r2_categorical",0.0526939397083855,"lower",710,"weighted R-squared","Batch is explicitly categorical.","batchcorr_set1","tiger","TIGER","BatchCorr Set 1","Batch weighted-PC R²"
"heldout_qc_cv_mean",23.4835903519785,"lower",199,"percent","","batchcorr_set1","tiger","TIGER","BatchCorr Set 1","Held-out QC CV (%)"
"residual_ljung_box_proportion_significant",0.085427135678392,"lower",1990,"proportion","","batchcorr_set1","tiger","TIGER","BatchCorr Set 1","Ljung-Box positive"
"residual_run_order_gam_mean_deviance",0.0827030523247444,"lower",1990,"proportion","","batchcorr_set1","tiger","TIGER","BatchCorr Set 1","Residual GAM deviance"
"batch_weighted_pc_r2_categorical",0.00435624904876198,"lower",710,"weighted R-squared","Batch is explicitly categorical.","batchcorr_set1","serrf","SERRF","BatchCorr Set 1","Batch weighted-PC R²"
"heldout_qc_cv_mean",30.2796087138303,"lower",199,"percent","","batchcorr_set1","serrf","SERRF","BatchCorr Set 1","Held-out QC CV (%)"
"residual_ljung_box_proportion_significant",0.175376884422111,"lower",1990,"proportion","","batchcorr_set1","serrf","SERRF","BatchCorr Set 1","Ljung-Box positive"
"residual_run_order_gam_mean_deviance",0.122438628681521,"lower",1990,"proportion","","batchcorr_set1","serrf","SERRF","BatchCorr Set 1","Residual GAM deviance"
"batch_weighted_pc_r2_categorical",0.000566990241618206,"lower",710,"weighted R-squared","Batch is explicitly categorical.","batchcorr_set1","winn_auto_qc","WiNN auto (QC)","BatchCorr Set 1","Batch weighted-PC R²"
"heldout_qc_cv_mean",23.9030303379891,"lower",199,"percent","","batchcorr_set1","winn_auto_qc","WiNN auto (QC)","BatchCorr Set 1","Held-out QC CV (%)"
"residual_ljung_box_proportion_significant",0.00603015075376884,"lower",1990,"proportion","","batchcorr_set1","winn_auto_qc","WiNN auto (QC)","BatchCorr Set 1","Ljung-Box positive"
"residual_run_order_gam_mean_deviance",0.0464906510990335,"lower",1990,"proportion","","batchcorr_set1","winn_auto_qc","WiNN auto (QC)","BatchCorr Set 1","Residual GAM deviance"
"batch_weighted_pc_r2_categorical",0.0125324272970689,"lower",710,"weighted R-squared","Batch is explicitly categorical.","batchcorr_set1","winn_auto_batch_qc","WiNN auto-batch (QC)","BatchCorr Set 1","Batch weighted-PC R²"
"heldout_qc_cv_mean",24.8748188818013,"lower",199,"percent","","batchcorr_set1","winn_auto_batch_qc","WiNN auto-batch (QC)","BatchCorr Set 1","Held-out QC CV (%)"
"residual_ljung_box_proportion_significant",0.0170854271356784,"lower",1990,"proportion","","batchcorr_set1","winn_auto_batch_qc","WiNN auto-batch (QC)","BatchCorr Set 1","Ljung-Box positive"
"residual_run_order_gam_mean_deviance",0.0465432932186145,"lower",1990,"proportion","","batchcorr_set1","winn_auto_batch_qc","WiNN auto-batch (QC)","BatchCorr Set 1","Residual GAM deviance"
"batch_weighted_pc_r2_categorical",0.000567147968917397,"lower",710,"weighted R-squared","Batch is explicitly categorical.","batchcorr_set1","winn_fixed_no_qc","WiNN fixed default (no QC)","BatchCorr Set 1","Batch weighted-PC R²"
"heldout_qc_cv_mean",26.6652760811313,"lower",199,"percent","","batchcorr_set1","winn_fixed_no_qc","WiNN fixed default (no QC)","BatchCorr Set 1","Held-out QC CV (%)"
"residual_ljung_box_proportion_significant",0.0085427135678392,"lower",1990,"proportion","","batchcorr_set1","winn_fixed_no_qc","WiNN fixed default (no QC)","BatchCorr Set 1","Ljung-Box positive"
"residual_run_order_gam_mean_deviance",0.043772965202549,"lower",1990,"proportion","","batchcorr_set1","winn_fixed_no_qc","WiNN fixed default (no QC)","BatchCorr Set 1","Residual GAM deviance"
"batch_weighted_pc_r2_categorical",0.131658082609212,"lower",184,"weighted R-squared","Batch is explicitly categorical.","sacurine","raw","Raw","Sacurine","Batch weighted-PC R²"
"heldout_qc_cv_mean",32.5994242278841,"lower",113,"percent","","sacurine","raw","Raw","Sacurine","Held-out QC CV (%)"
"residual_ljung_box_proportion_significant",0.128318584070796,"lower",226,"proportion","","sacurine","raw","Raw","Sacurine","Ljung-Box positive"
"residual_run_order_gam_mean_deviance",0.0684058304178776,"lower",226,"proportion","","sacurine","raw","Raw","Sacurine","Residual GAM deviance"
"batch_weighted_pc_r2_categorical",0.000511163884187992,"lower",184,"weighted R-squared","Batch is explicitly categorical.","sacurine","combat","ComBat","Sacurine","Batch weighted-PC R²"
"heldout_qc_cv_mean",26.8154383406086,"lower",113,"percent","","sacurine","combat","ComBat","Sacurine","Held-out QC CV (%)"
"residual_ljung_box_proportion_significant",0.128318584070796,"lower",226,"proportion","","sacurine","combat","ComBat","Sacurine","Ljung-Box positive"
"residual_run_order_gam_mean_deviance",0.0684058359503175,"lower",226,"proportion","","sacurine","combat","ComBat","Sacurine","Residual GAM deviance"
"batch_weighted_pc_r2_categorical",0.000115135878716251,"lower",184,"weighted R-squared","Batch is explicitly categorical.","sacurine","qc_rlsc","QC-RLSC","Sacurine","Batch weighted-PC R²"
"heldout_qc_cv_mean",14.5016797069405,"lower",113,"percent","","sacurine","qc_rlsc","QC-RLSC","Sacurine","Held-out QC CV (%)"
"residual_ljung_box_proportion_significant",0.00442477876106195,"lower",226,"proportion","","sacurine","qc_rlsc","QC-RLSC","Sacurine","Ljung-Box positive"
"residual_run_order_gam_mean_deviance",0.0371448483850514,"lower",226,"proportion","","sacurine","qc_rlsc","QC-RLSC","Sacurine","Residual GAM deviance"
"batch_weighted_pc_r2_categorical",0.0137370036605432,"lower",184,"weighted R-squared","Batch is explicitly categorical.","sacurine","qc_rfsc","QC-RFSC","Sacurine","Batch weighted-PC R²"
"heldout_qc_cv_mean",7.32552583839107,"lower",113,"percent","","sacurine","qc_rfsc","QC-RFSC","Sacurine","Held-out QC CV (%)"
"residual_ljung_box_proportion_significant",0.00884955752212389,"lower",226,"proportion","","sacurine","qc_rfsc","QC-RFSC","Sacurine","Ljung-Box positive"
"residual_run_order_gam_mean_deviance",0.0371804141979941,"lower",226,"proportion","","sacurine","qc_rfsc","QC-RFSC","Sacurine","Residual GAM deviance"
"batch_weighted_pc_r2_categorical",0.00178167097094416,"lower",184,"weighted R-squared","Batch is explicitly categorical.","sacurine","tiger","TIGER","Sacurine","Batch weighted-PC R²"
"heldout_qc_cv_mean",10.1930094989336,"lower",113,"percent","","sacurine","tiger","TIGER","Sacurine","Held-out QC CV (%)"
"residual_ljung_box_proportion_significant",0.0132743362831858,"lower",226,"proportion","","sacurine","tiger","TIGER","Sacurine","Ljung-Box positive"
"residual_run_order_gam_mean_deviance",0.0388302972708426,"lower",226,"proportion","","sacurine","tiger","TIGER","Sacurine","Residual GAM deviance"
"batch_weighted_pc_r2_categorical",0.0019315491172379,"lower",184,"weighted R-squared","Batch is explicitly categorical.","sacurine","serrf","SERRF","Sacurine","Batch weighted-PC R²"
"heldout_qc_cv_mean",17.0109024488018,"lower",113,"percent","","sacurine","serrf","SERRF","Sacurine","Held-out QC CV (%)"
"residual_ljung_box_proportion_significant",0.0619469026548673,"lower",226,"proportion","","sacurine","serrf","SERRF","Sacurine","Ljung-Box positive"
"residual_run_order_gam_mean_deviance",0.0555820775458359,"lower",226,"proportion","","sacurine","serrf","SERRF","Sacurine","Residual GAM deviance"
"batch_weighted_pc_r2_categorical",0.000415820234223158,"lower",184,"weighted R-squared","Batch is explicitly categorical.","sacurine","winn_auto_qc","WiNN auto (QC)","Sacurine","Batch weighted-PC R²"
"heldout_qc_cv_mean",16.0063160088905,"lower",113,"percent","","sacurine","winn_auto_qc","WiNN auto (QC)","Sacurine","Held-out QC CV (%)"
"residual_ljung_box_proportion_significant",0.0265486725663717,"lower",226,"proportion","","sacurine","winn_auto_qc","WiNN auto (QC)","Sacurine","Ljung-Box positive"
"residual_run_order_gam_mean_deviance",0.0435650355720423,"lower",226,"proportion","","sacurine","winn_auto_qc","WiNN auto (QC)","Sacurine","Residual GAM deviance"
"batch_weighted_pc_r2_categorical",0.000489308961332933,"lower",184,"weighted R-squared","Batch is explicitly categorical.","sacurine","winn_auto_batch_qc","WiNN auto-batch (QC)","Sacurine","Batch weighted-PC R²"
"heldout_qc_cv_mean",17.673468020507,"lower",113,"percent","","sacurine","winn_auto_batch_qc","WiNN auto-batch (QC)","Sacurine","Held-out QC CV (%)"
"residual_ljung_box_proportion_significant",0.0309734513274336,"lower",226,"proportion","","sacurine","winn_auto_batch_qc","WiNN auto-batch (QC)","Sacurine","Ljung-Box positive"
"residual_run_order_gam_mean_deviance",0.0397114522391577,"lower",226,"proportion","","sacurine","winn_auto_batch_qc","WiNN auto-batch (QC)","Sacurine","Residual GAM deviance"
"batch_weighted_pc_r2_categorical",0.000737747609499402,"lower",184,"weighted R-squared","Batch is explicitly categorical.","sacurine","winn_fixed_no_qc","WiNN fixed default (no QC)","Sacurine","Batch weighted-PC R²"
"heldout_qc_cv_mean",22.421913234801,"lower",113,"percent","","sacurine","winn_fixed_no_qc","WiNN fixed default (no QC)","Sacurine","Held-out QC CV (%)"
"residual_ljung_box_proportion_significant",0.0309734513274336,"lower",226,"proportion","","sacurine","winn_fixed_no_qc","WiNN fixed default (no QC)","Sacurine","Ljung-Box positive"
"residual_run_order_gam_mean_deviance",0.0520147926987853,"lower",226,"proportion","","sacurine","winn_fixed_no_qc","WiNN fixed default (no QC)","Sacurine","Residual GAM deviance"
"batch_weighted_pc_r2_categorical",0.69436740649987,"lower",568,"weighted R-squared","Batch is explicitly categorical.","waveica","raw","Raw","WaveICA","Batch weighted-PC R²"
"heldout_qc_cv_mean",49.6615125014856,"lower",6461,"percent","","waveica","raw","Raw","WaveICA","Held-out QC CV (%)"
"residual_ljung_box_proportion_significant",0.598565753495331,"lower",19383,"proportion","","waveica","raw","Raw","WaveICA","Ljung-Box positive"
"residual_run_order_gam_mean_deviance",0.205768293336358,"lower",19383,"proportion","","waveica","raw","Raw","WaveICA","Residual GAM deviance"
"batch_weighted_pc_r2_categorical",0.000465422730130473,"lower",568,"weighted R-squared","Batch is explicitly categorical.","waveica","combat","ComBat","WaveICA","Batch weighted-PC R²"
"heldout_qc_cv_mean",40.2404130226057,"lower",6461,"percent","","waveica","combat","ComBat","WaveICA","Held-out QC CV (%)"
"residual_ljung_box_proportion_significant",0.600629417530826,"lower",19383,"proportion","","waveica","combat","ComBat","WaveICA","Ljung-Box positive"
"residual_run_order_gam_mean_deviance",0.20730699988528,"lower",19383,"proportion","","waveica","combat","ComBat","WaveICA","Residual GAM deviance"
"batch_weighted_pc_r2_categorical",0.00158298745775718,"lower",568,"weighted R-squared","Batch is explicitly categorical.","waveica","qc_rlsc","QC-RLSC","WaveICA","Batch weighted-PC R²"
"heldout_qc_cv_mean",39.3267820613923,"lower",6461,"percent","","waveica","qc_rlsc","QC-RLSC","WaveICA","Held-out QC CV (%)"
"residual_ljung_box_proportion_significant",0.464375999587267,"lower",19383,"proportion","","waveica","qc_rlsc","QC-RLSC","WaveICA","Ljung-Box positive"
"residual_run_order_gam_mean_deviance",0.108717975881041,"lower",19383,"proportion","","waveica","qc_rlsc","QC-RLSC","WaveICA","Residual GAM deviance"
"batch_weighted_pc_r2_categorical",0.509560684056,"lower",568,"weighted R-squared","Batch is explicitly categorical.","waveica","qc_rfsc","QC-RFSC","WaveICA","Batch weighted-PC R²"
"heldout_qc_cv_mean",16.8629439487961,"lower",6461,"percent","","waveica","qc_rfsc","QC-RFSC","WaveICA","Held-out QC CV (%)"
"residual_ljung_box_proportion_significant",0.608368157663932,"lower",19383,"proportion","","waveica","qc_rfsc","QC-RFSC","WaveICA","Ljung-Box positive"
"residual_run_order_gam_mean_deviance",0.122241940652603,"lower",19383,"proportion","","waveica","qc_rfsc","QC-RFSC","WaveICA","Residual GAM deviance"
"batch_weighted_pc_r2_categorical",0.500613460279628,"lower",568,"weighted R-squared","Batch is explicitly categorical.","waveica","tiger","TIGER","WaveICA","Batch weighted-PC R²"
"heldout_qc_cv_mean",26.1426296583401,"lower",6461,"percent","","waveica","tiger","TIGER","WaveICA","Held-out QC CV (%)"
"residual_ljung_box_proportion_significant",0.431976474229995,"lower",19383,"proportion","","waveica","tiger","TIGER","WaveICA","Ljung-Box positive"
"residual_run_order_gam_mean_deviance",0.113395157207543,"lower",19383,"proportion","","waveica","tiger","TIGER","WaveICA","Residual GAM deviance"
"batch_weighted_pc_r2_categorical",0.0416086941522562,"lower",568,"weighted R-squared","Batch is explicitly categorical.","waveica","serrf","SERRF","WaveICA","Batch weighted-PC R²"
"heldout_qc_cv_mean",34.0434795508229,"lower",6461,"percent","","waveica","serrf","SERRF","WaveICA","Held-out QC CV (%)"
"residual_ljung_box_proportion_significant",0.44152092039416,"lower",19383,"proportion","","waveica","serrf","SERRF","WaveICA","Ljung-Box positive"
"residual_run_order_gam_mean_deviance",0.1172290395345,"lower",19383,"proportion","","waveica","serrf","SERRF","WaveICA","Residual GAM deviance"
"batch_weighted_pc_r2_categorical",0.00185791740415135,"lower",568,"weighted R-squared","Batch is explicitly categorical.","waveica","winn_auto_qc","WiNN auto (QC)","WaveICA","Batch weighted-PC R²"
"heldout_qc_cv_mean",38.1178028673346,"lower",6461,"percent","","waveica","winn_auto_qc","WiNN auto (QC)","WaveICA","Held-out QC CV (%)"
"residual_ljung_box_proportion_significant",0.13780116597018,"lower",19383,"proportion","","waveica","winn_auto_qc","WiNN auto (QC)","WaveICA","Ljung-Box positive"
"residual_run_order_gam_mean_deviance",0.018349334505791,"lower",19383,"proportion","","waveica","winn_auto_qc","WiNN auto (QC)","WaveICA","Residual GAM deviance"
"batch_weighted_pc_r2_categorical",0.481365148138614,"lower",568,"weighted R-squared","Batch is explicitly categorical.","waveica","winn_auto_batch_qc","WiNN auto-batch (QC)","WaveICA","Batch weighted-PC R²"
"heldout_qc_cv_mean",40.9082423195738,"lower",6461,"percent","","waveica","winn_auto_batch_qc","WiNN auto-batch (QC)","WaveICA","Held-out QC CV (%)"
"residual_ljung_box_proportion_significant",0.601558066346799,"lower",19383,"proportion","","waveica","winn_auto_batch_qc","WiNN auto-batch (QC)","WaveICA","Ljung-Box positive"
"residual_run_order_gam_mean_deviance",0.211998247026591,"lower",19383,"proportion","","waveica","winn_auto_batch_qc","WiNN auto-batch (QC)","WaveICA","Residual GAM deviance"
"batch_weighted_pc_r2_categorical",0.00207900815504909,"lower",568,"weighted R-squared","Batch is explicitly categorical.","waveica","winn_fixed_no_qc","WiNN fixed default (no QC)","WaveICA","Batch weighted-PC R²"
"heldout_qc_cv_mean",38.3003440498814,"lower",6461,"percent","","waveica","winn_fixed_no_qc","WiNN fixed default (no QC)","WaveICA","Held-out QC CV (%)"
"residual_ljung_box_proportion_significant",0.135118402724037,"lower",19383,"proportion","","waveica","winn_fixed_no_qc","WiNN fixed default (no QC)","WaveICA","Ljung-Box positive"
"residual_run_order_gam_mean_deviance",0.0141634445598343,"lower",19383,"proportion","","waveica","winn_fixed_no_qc","WiNN fixed default (no QC)","WaveICA","Residual GAM deviance"
