"dataset_key","dataset","method_id","method","metric","value","direction","denominator","units","metric_label","gate"
"simulation","Simulation","G_SS","selective/selective","heldout_qc_cv_mean",8.76629278513728,"lower",1000,"percent","Held-out QC CV (%)","Selective/Selective"
"simulation","Simulation","G_SS","selective/selective","residual_run_order_gam_mean_deviance",0.020259360410254,"lower",5000,"proportion","Residual GAM deviance","Selective/Selective"
"simulation","Simulation","G_SS","selective/selective","batch_weighted_pc_r2_categorical",0.000984578035653711,"lower",450,"weighted R-squared","Batch weighted-PC R²","Selective/Selective"
"simulation","Simulation","G_SS","selective/selective","truth_metabolite_profile_icc_mean",0.922101988056287,"higher",1000,"ICC(A,1)","Truth metabolite ICC","Selective/Selective"
"simulation","Simulation","G_SS","selective/selective","truth_sample_profile_pearson_mean",0.925722367961271,"higher",450,"correlation","Truth sample Pearson","Selective/Selective"
"simulation","Simulation","G_AS","all/selective","heldout_qc_cv_mean",10.7950921650205,"lower",1000,"percent","Held-out QC CV (%)","All/Selective"
"simulation","Simulation","G_AS","all/selective","residual_run_order_gam_mean_deviance",0.000773516898207875,"lower",5000,"proportion","Residual GAM deviance","All/Selective"
"simulation","Simulation","G_AS","all/selective","batch_weighted_pc_r2_categorical",0.000850718286039682,"lower",450,"weighted R-squared","Batch weighted-PC R²","All/Selective"
"simulation","Simulation","G_AS","all/selective","truth_metabolite_profile_icc_mean",0.910460210285255,"higher",1000,"ICC(A,1)","Truth metabolite ICC","All/Selective"
"simulation","Simulation","G_AS","all/selective","truth_sample_profile_pearson_mean",0.914863811819088,"higher",450,"correlation","Truth sample Pearson","All/Selective"
"simulation","Simulation","G_SA","selective/all","heldout_qc_cv_mean",9.10860426114912,"lower",1000,"percent","Held-out QC CV (%)","Selective/All"
"simulation","Simulation","G_SA","selective/all","residual_run_order_gam_mean_deviance",0.0202504886317659,"lower",5000,"proportion","Residual GAM deviance","Selective/All"
"simulation","Simulation","G_SA","selective/all","batch_weighted_pc_r2_categorical",9.15272892016977e-05,"lower",450,"weighted R-squared","Batch weighted-PC R²","Selective/All"
"simulation","Simulation","G_SA","selective/all","truth_metabolite_profile_icc_mean",0.921230243391027,"higher",1000,"ICC(A,1)","Truth metabolite ICC","Selective/All"
"simulation","Simulation","G_SA","selective/all","truth_sample_profile_pearson_mean",0.924797943507282,"higher",450,"correlation","Truth sample Pearson","Selective/All"
"simulation","Simulation","G_AA","all/all","heldout_qc_cv_mean",10.9169677941253,"lower",1000,"percent","Held-out QC CV (%)","All/All"
"simulation","Simulation","G_AA","all/all","residual_run_order_gam_mean_deviance",0.000773314503840401,"lower",5000,"proportion","Residual GAM deviance","All/All"
"simulation","Simulation","G_AA","all/all","batch_weighted_pc_r2_categorical",0.000105489848278708,"lower",450,"weighted R-squared","Batch weighted-PC R²","All/All"
"simulation","Simulation","G_AA","all/all","truth_metabolite_profile_icc_mean",0.909547858318861,"higher",1000,"ICC(A,1)","Truth metabolite ICC","All/All"
"simulation","Simulation","G_AA","all/all","truth_sample_profile_pearson_mean",0.913957044306018,"higher",450,"correlation","Truth sample Pearson","All/All"
"mtbls79","MTBLS79","G_SS","selective/selective","heldout_qc_cv_mean",16.6785376235596,"lower",2488,"percent","Held-out QC CV (%)","Selective/Selective"
"mtbls79","MTBLS79","G_SS","selective/selective","residual_run_order_gam_mean_deviance",0.140078697278888,"lower",19904,"proportion","Residual GAM deviance","Selective/Selective"
"mtbls79","MTBLS79","G_SS","selective/selective","batch_weighted_pc_r2_categorical",0.0108480104370861,"lower",134,"weighted R-squared","Batch weighted-PC R²","Selective/Selective"
"mtbls79","MTBLS79","G_SS","selective/selective","metabolite_icc_a1_median",0.674414477673406,"higher",2488,"ICC(A,1)","Metabolite ICC","Selective/Selective"
"mtbls79","MTBLS79","G_SS","selective/selective","sample_replicate_pearson_median",0.975436813944675,"higher",20,"correlation","Sample Pearson","Selective/Selective"
"mtbls79","MTBLS79","G_AS","all/selective","heldout_qc_cv_mean",19.8303472738463,"lower",2488,"percent","Held-out QC CV (%)","All/Selective"
"mtbls79","MTBLS79","G_AS","all/selective","residual_run_order_gam_mean_deviance",0.0212930395917055,"lower",19904,"proportion","Residual GAM deviance","All/Selective"
"mtbls79","MTBLS79","G_AS","all/selective","batch_weighted_pc_r2_categorical",0.00638791838609736,"lower",134,"weighted R-squared","Batch weighted-PC R²","All/Selective"
"mtbls79","MTBLS79","G_AS","all/selective","metabolite_icc_a1_median",0.640185554278018,"higher",2488,"ICC(A,1)","Metabolite ICC","All/Selective"
"mtbls79","MTBLS79","G_AS","all/selective","sample_replicate_pearson_median",0.981099298652759,"higher",20,"correlation","Sample Pearson","All/Selective"
"mtbls79","MTBLS79","G_SA","selective/all","heldout_qc_cv_mean",15.9700072181085,"lower",2488,"percent","Held-out QC CV (%)","Selective/All"
"mtbls79","MTBLS79","G_SA","selective/all","residual_run_order_gam_mean_deviance",0.139901896201484,"lower",19904,"proportion","Residual GAM deviance","Selective/All"
"mtbls79","MTBLS79","G_SA","selective/all","batch_weighted_pc_r2_categorical",0.0106558279333553,"lower",134,"weighted R-squared","Batch weighted-PC R²","Selective/All"
"mtbls79","MTBLS79","G_SA","selective/all","metabolite_icc_a1_median",0.681807145737552,"higher",2488,"ICC(A,1)","Metabolite ICC","Selective/All"
"mtbls79","MTBLS79","G_SA","selective/all","sample_replicate_pearson_median",0.976760590417258,"higher",20,"correlation","Sample Pearson","Selective/All"
"mtbls79","MTBLS79","G_AA","all/all","heldout_qc_cv_mean",19.3110113171568,"lower",2488,"percent","Held-out QC CV (%)","All/All"
"mtbls79","MTBLS79","G_AA","all/all","residual_run_order_gam_mean_deviance",0.0213675974302673,"lower",19904,"proportion","Residual GAM deviance","All/All"
"mtbls79","MTBLS79","G_AA","all/all","batch_weighted_pc_r2_categorical",0.00571273868069983,"lower",134,"weighted R-squared","Batch weighted-PC R²","All/All"
"mtbls79","MTBLS79","G_AA","all/all","metabolite_icc_a1_median",0.641333529494254,"higher",2488,"ICC(A,1)","Metabolite ICC","All/All"
"mtbls79","MTBLS79","G_AA","all/all","sample_replicate_pearson_median",0.982157563732513,"higher",20,"correlation","Sample Pearson","All/All"
"clinical_fiams","Clinical FIA-MS","G_SS","selective/selective","heldout_qc_cv_mean",12.4044092100879,"lower",1594,"percent","Held-out QC CV (%)","Selective/Selective"
"clinical_fiams","Clinical FIA-MS","G_SS","selective/selective","residual_run_order_gam_mean_deviance",0.0727686471322973,"lower",12752,"proportion","Residual GAM deviance","Selective/Selective"
"clinical_fiams","Clinical FIA-MS","G_SS","selective/selective","batch_weighted_pc_r2_categorical",0.00205430716992057,"lower",536,"weighted R-squared","Batch weighted-PC R²","Selective/Selective"
"clinical_fiams","Clinical FIA-MS","G_SS","selective/selective","feature_repeatability_ratio_median",0.659272129860823,"higher",1594,"repeatability ratio","Feature repeatability","Selective/Selective"
"clinical_fiams","Clinical FIA-MS","G_SS","selective/selective","sample_replicate_pearson_median",0.990747863696587,"higher",267,"correlation","Sample Pearson","Selective/Selective"
"clinical_fiams","Clinical FIA-MS","G_AS","all/selective","heldout_qc_cv_mean",13.5327320895589,"lower",1594,"percent","Held-out QC CV (%)","All/Selective"
"clinical_fiams","Clinical FIA-MS","G_AS","all/selective","residual_run_order_gam_mean_deviance",0.00520013836698004,"lower",12752,"proportion","Residual GAM deviance","All/Selective"
"clinical_fiams","Clinical FIA-MS","G_AS","all/selective","batch_weighted_pc_r2_categorical",0.0010438538305947,"lower",536,"weighted R-squared","Batch weighted-PC R²","All/Selective"
"clinical_fiams","Clinical FIA-MS","G_AS","all/selective","feature_repeatability_ratio_median",0.636970558682562,"higher",1594,"repeatability ratio","Feature repeatability","All/Selective"
"clinical_fiams","Clinical FIA-MS","G_AS","all/selective","sample_replicate_pearson_median",0.990870682832852,"higher",267,"correlation","Sample Pearson","All/Selective"
"clinical_fiams","Clinical FIA-MS","G_SA","selective/all","heldout_qc_cv_mean",12.3946699037692,"lower",1594,"percent","Held-out QC CV (%)","Selective/All"
"clinical_fiams","Clinical FIA-MS","G_SA","selective/all","residual_run_order_gam_mean_deviance",0.0727630834493838,"lower",12752,"proportion","Residual GAM deviance","Selective/All"
"clinical_fiams","Clinical FIA-MS","G_SA","selective/all","batch_weighted_pc_r2_categorical",0.00194397036013825,"lower",536,"weighted R-squared","Batch weighted-PC R²","Selective/All"
"clinical_fiams","Clinical FIA-MS","G_SA","selective/all","feature_repeatability_ratio_median",0.659676587204692,"higher",1594,"repeatability ratio","Feature repeatability","Selective/All"
"clinical_fiams","Clinical FIA-MS","G_SA","selective/all","sample_replicate_pearson_median",0.990747147757201,"higher",267,"correlation","Sample Pearson","Selective/All"
"clinical_fiams","Clinical FIA-MS","G_AA","all/all","heldout_qc_cv_mean",13.5134759406473,"lower",1594,"percent","Held-out QC CV (%)","All/All"
"clinical_fiams","Clinical FIA-MS","G_AA","all/all","residual_run_order_gam_mean_deviance",0.00519147469752825,"lower",12752,"proportion","Residual GAM deviance","All/All"
"clinical_fiams","Clinical FIA-MS","G_AA","all/all","batch_weighted_pc_r2_categorical",0.000995782155015914,"lower",536,"weighted R-squared","Batch weighted-PC R²","All/All"
"clinical_fiams","Clinical FIA-MS","G_AA","all/all","feature_repeatability_ratio_median",0.637410705558402,"higher",1594,"repeatability ratio","Feature repeatability","All/All"
"clinical_fiams","Clinical FIA-MS","G_AA","all/all","sample_replicate_pearson_median",0.990914257339101,"higher",267,"correlation","Sample Pearson","All/All"
"batchcorr_set1","BatchCorr Set 1","G_SS","selective/selective","heldout_qc_cv_mean",26.6652760811313,"lower",199,"percent","Held-out QC CV (%)","Selective/Selective"
"batchcorr_set1","BatchCorr Set 1","G_SS","selective/selective","residual_run_order_gam_mean_deviance",0.043772965202549,"lower",1990,"proportion","Residual GAM deviance","Selective/Selective"
"batchcorr_set1","BatchCorr Set 1","G_SS","selective/selective","batch_weighted_pc_r2_categorical",0.000567147968917397,"lower",710,"weighted R-squared","Batch weighted-PC R²","Selective/Selective"
"batchcorr_set1","BatchCorr Set 1","G_SS","selective/selective","feature_repeatability_ratio_median",0.695315540683156,"higher",199,"repeatability ratio","Feature repeatability","Selective/Selective"
"batchcorr_set1","BatchCorr Set 1","G_SS","selective/selective","sample_replicate_pearson_median",0.957541057965195,"higher",352,"correlation","Sample Pearson","Selective/Selective"
"batchcorr_set1","BatchCorr Set 1","G_AS","all/selective","heldout_qc_cv_mean",28.4664171686162,"lower",199,"percent","Held-out QC CV (%)","All/Selective"
"batchcorr_set1","BatchCorr Set 1","G_AS","all/selective","residual_run_order_gam_mean_deviance",0.000826500461473387,"lower",1990,"proportion","Residual GAM deviance","All/Selective"
"batchcorr_set1","BatchCorr Set 1","G_AS","all/selective","batch_weighted_pc_r2_categorical",0.000779443758318777,"lower",710,"weighted R-squared","Batch weighted-PC R²","All/Selective"
"batchcorr_set1","BatchCorr Set 1","G_AS","all/selective","feature_repeatability_ratio_median",0.682738476706889,"higher",199,"repeatability ratio","Feature repeatability","All/Selective"
"batchcorr_set1","BatchCorr Set 1","G_AS","all/selective","sample_replicate_pearson_median",0.957378256759523,"higher",352,"correlation","Sample Pearson","All/Selective"
"batchcorr_set1","BatchCorr Set 1","G_SA","selective/all","heldout_qc_cv_mean",26.7656305295088,"lower",199,"percent","Held-out QC CV (%)","Selective/All"
"batchcorr_set1","BatchCorr Set 1","G_SA","selective/all","residual_run_order_gam_mean_deviance",0.043732849175648,"lower",1990,"proportion","Residual GAM deviance","Selective/All"
"batchcorr_set1","BatchCorr Set 1","G_SA","selective/all","batch_weighted_pc_r2_categorical",0.00050452677871665,"lower",710,"weighted R-squared","Batch weighted-PC R²","Selective/All"
"batchcorr_set1","BatchCorr Set 1","G_SA","selective/all","feature_repeatability_ratio_median",0.695081216990993,"higher",199,"repeatability ratio","Feature repeatability","Selective/All"
"batchcorr_set1","BatchCorr Set 1","G_SA","selective/all","sample_replicate_pearson_median",0.957090033886896,"higher",352,"correlation","Sample Pearson","Selective/All"
"batchcorr_set1","BatchCorr Set 1","G_AA","all/all","heldout_qc_cv_mean",28.5016433990488,"lower",199,"percent","Held-out QC CV (%)","All/All"
"batchcorr_set1","BatchCorr Set 1","G_AA","all/all","residual_run_order_gam_mean_deviance",0.00082464809783633,"lower",1990,"proportion","Residual GAM deviance","All/All"
"batchcorr_set1","BatchCorr Set 1","G_AA","all/all","batch_weighted_pc_r2_categorical",0.000726388982066674,"lower",710,"weighted R-squared","Batch weighted-PC R²","All/All"
"batchcorr_set1","BatchCorr Set 1","G_AA","all/all","feature_repeatability_ratio_median",0.682518978311824,"higher",199,"repeatability ratio","Feature repeatability","All/All"
"batchcorr_set1","BatchCorr Set 1","G_AA","all/all","sample_replicate_pearson_median",0.956969722286409,"higher",352,"correlation","Sample Pearson","All/All"
"sacurine","Sacurine","G_SS","selective/selective","heldout_qc_cv_mean",22.421913234801,"lower",113,"percent","Held-out QC CV (%)","Selective/Selective"
"sacurine","Sacurine","G_SS","selective/selective","residual_run_order_gam_mean_deviance",0.0520147926987853,"lower",226,"proportion","Residual GAM deviance","Selective/Selective"
"sacurine","Sacurine","G_SS","selective/selective","batch_weighted_pc_r2_categorical",0.000737747609499402,"lower",184,"weighted R-squared","Batch weighted-PC R²","Selective/Selective"
"sacurine","Sacurine","G_AS","all/selective","heldout_qc_cv_mean",23.5042049558585,"lower",113,"percent","Held-out QC CV (%)","All/Selective"
"sacurine","Sacurine","G_AS","all/selective","residual_run_order_gam_mean_deviance",0.00452082116102002,"lower",226,"proportion","Residual GAM deviance","All/Selective"
"sacurine","Sacurine","G_AS","all/selective","batch_weighted_pc_r2_categorical",0.00105850874958049,"lower",184,"weighted R-squared","Batch weighted-PC R²","All/Selective"
"sacurine","Sacurine","G_SA","selective/all","heldout_qc_cv_mean",21.9299926994854,"lower",113,"percent","Held-out QC CV (%)","Selective/All"
"sacurine","Sacurine","G_SA","selective/all","residual_run_order_gam_mean_deviance",0.0523762634412072,"lower",226,"proportion","Residual GAM deviance","Selective/All"
"sacurine","Sacurine","G_SA","selective/all","batch_weighted_pc_r2_categorical",0.000442153745158434,"lower",184,"weighted R-squared","Batch weighted-PC R²","Selective/All"
"sacurine","Sacurine","G_AA","all/all","heldout_qc_cv_mean",22.9626454620396,"lower",113,"percent","Held-out QC CV (%)","All/All"
"sacurine","Sacurine","G_AA","all/all","residual_run_order_gam_mean_deviance",0.00483435797740552,"lower",226,"proportion","Residual GAM deviance","All/All"
"sacurine","Sacurine","G_AA","all/all","batch_weighted_pc_r2_categorical",0.000841918579778785,"lower",184,"weighted R-squared","Batch weighted-PC R²","All/All"
"waveica","WaveICA","G_SS","selective/selective","heldout_qc_cv_mean",38.3003440498814,"lower",6461,"percent","Held-out QC CV (%)","Selective/Selective"
"waveica","WaveICA","G_SS","selective/selective","residual_run_order_gam_mean_deviance",0.0141634445598343,"lower",19383,"proportion","Residual GAM deviance","Selective/Selective"
"waveica","WaveICA","G_SS","selective/selective","batch_weighted_pc_r2_categorical",0.00207900815504909,"lower",568,"weighted R-squared","Batch weighted-PC R²","Selective/Selective"
"waveica","WaveICA","G_AS","all/selective","heldout_qc_cv_mean",38.973854310665,"lower",6461,"percent","Held-out QC CV (%)","All/Selective"
"waveica","WaveICA","G_AS","all/selective","residual_run_order_gam_mean_deviance",0.00187501034065054,"lower",19383,"proportion","Residual GAM deviance","All/Selective"
"waveica","WaveICA","G_AS","all/selective","batch_weighted_pc_r2_categorical",0.00148661487004652,"lower",568,"weighted R-squared","Batch weighted-PC R²","All/Selective"
"waveica","WaveICA","G_SA","selective/all","heldout_qc_cv_mean",38.2939983950556,"lower",6461,"percent","Held-out QC CV (%)","Selective/All"
"waveica","WaveICA","G_SA","selective/all","residual_run_order_gam_mean_deviance",0.0141637417979582,"lower",19383,"proportion","Residual GAM deviance","Selective/All"
"waveica","WaveICA","G_SA","selective/all","batch_weighted_pc_r2_categorical",0.0020631185319165,"lower",568,"weighted R-squared","Batch weighted-PC R²","Selective/All"
"waveica","WaveICA","G_AA","all/all","heldout_qc_cv_mean",38.9695454458858,"lower",6461,"percent","Held-out QC CV (%)","All/All"
"waveica","WaveICA","G_AA","all/all","residual_run_order_gam_mean_deviance",0.00187535250880175,"lower",19383,"proportion","Residual GAM deviance","All/All"
"waveica","WaveICA","G_AA","all/all","batch_weighted_pc_r2_categorical",0.0014695177526822,"lower",568,"weighted R-squared","Batch weighted-PC R²","All/All"
