"metric","value","direction","denominator","units","notes","dataset_key","method_id","method","seed_id","metric_label"
"heldout_qc_cv_mean",44.2100431097472,"lower",1000,"percent","","simulation","raw","Raw","SIM01","Held-out QC CV (%)"
"residual_run_order_gam_mean_deviance",0.12764961730634,"lower",5000,"proportion","","simulation","raw","Raw","SIM01","Residual GAM deviance"
"batch_weighted_pc_r2_categorical",0.965647338615417,"lower",450,"weighted R-squared","Batch is explicitly categorical.","simulation","raw","Raw","SIM01","Batch weighted-PC R²"
"truth_metabolite_profile_icc_mean",0.586183758689398,"higher",1000,"ICC(A,1)","","simulation","raw","Raw","SIM01","Truth metabolite ICC"
"truth_sample_profile_pearson_mean",0.521842186444926,"higher",450,"correlation","","simulation","raw","Raw","SIM01","Truth sample Pearson"
"heldout_qc_cv_mean",12.404955532938,"lower",1000,"percent","","simulation","combat","ComBat","SIM01","Held-out QC CV (%)"
"residual_run_order_gam_mean_deviance",0.127649520286793,"lower",5000,"proportion","","simulation","combat","ComBat","SIM01","Residual GAM deviance"
"batch_weighted_pc_r2_categorical",0.000103519147488483,"lower",450,"weighted R-squared","Batch is explicitly categorical.","simulation","combat","ComBat","SIM01","Batch weighted-PC R²"
"truth_metabolite_profile_icc_mean",0.879386831580911,"higher",1000,"ICC(A,1)","","simulation","combat","ComBat","SIM01","Truth metabolite ICC"
"truth_sample_profile_pearson_mean",0.881066706839948,"higher",450,"correlation","","simulation","combat","ComBat","SIM01","Truth sample Pearson"
"heldout_qc_cv_mean",11.3390164195857,"lower",1000,"percent","","simulation","qc_rlsc","QC-RLSC","SIM01","Held-out QC CV (%)"
"residual_run_order_gam_mean_deviance",0.0533851989108539,"lower",5000,"proportion","","simulation","qc_rlsc","QC-RLSC","SIM01","Residual GAM deviance"
"batch_weighted_pc_r2_categorical",9.55201604490419e-05,"lower",450,"weighted R-squared","Batch is explicitly categorical.","simulation","qc_rlsc","QC-RLSC","SIM01","Batch weighted-PC R²"
"truth_metabolite_profile_icc_mean",0.905483269655236,"higher",1000,"ICC(A,1)","","simulation","qc_rlsc","QC-RLSC","SIM01","Truth metabolite ICC"
"truth_sample_profile_pearson_mean",0.907128419117509,"higher",450,"correlation","","simulation","qc_rlsc","QC-RLSC","SIM01","Truth sample Pearson"
"heldout_qc_cv_mean",14.7280131359941,"lower",1000,"percent","","simulation","qc_rfsc","QC-RFSC","SIM01","Held-out QC CV (%)"
"residual_run_order_gam_mean_deviance",0.131085396618962,"lower",5000,"proportion","","simulation","qc_rfsc","QC-RFSC","SIM01","Residual GAM deviance"
"batch_weighted_pc_r2_categorical",0.144040149745443,"lower",450,"weighted R-squared","Batch is explicitly categorical.","simulation","qc_rfsc","QC-RFSC","SIM01","Batch weighted-PC R²"
"truth_metabolite_profile_icc_mean",0.697701425617728,"higher",1000,"ICC(A,1)","","simulation","qc_rfsc","QC-RFSC","SIM01","Truth metabolite ICC"
"truth_sample_profile_pearson_mean",0.682481784426063,"higher",450,"correlation","","simulation","qc_rfsc","QC-RFSC","SIM01","Truth sample Pearson"
"heldout_qc_cv_mean",9.77944159674684,"lower",1000,"percent","","simulation","tiger","TIGER","SIM01","Held-out QC CV (%)"
"residual_run_order_gam_mean_deviance",0.085253052918361,"lower",5000,"proportion","","simulation","tiger","TIGER","SIM01","Residual GAM deviance"
"batch_weighted_pc_r2_categorical",0.0860395046780319,"lower",450,"weighted R-squared","Batch is explicitly categorical.","simulation","tiger","TIGER","SIM01","Batch weighted-PC R²"
"truth_metabolite_profile_icc_mean",0.873270482820115,"higher",1000,"ICC(A,1)","","simulation","tiger","TIGER","SIM01","Truth metabolite ICC"
"truth_sample_profile_pearson_mean",0.856296262457087,"higher",450,"correlation","","simulation","tiger","TIGER","SIM01","Truth sample Pearson"
"heldout_qc_cv_mean",12.495344300561,"lower",1000,"percent","","simulation","serrf","SERRF","SIM01","Held-out QC CV (%)"
"residual_run_order_gam_mean_deviance",0.0997710875953133,"lower",5000,"proportion","","simulation","serrf","SERRF","SIM01","Residual GAM deviance"
"batch_weighted_pc_r2_categorical",0.000686301131247359,"lower",450,"weighted R-squared","Batch is explicitly categorical.","simulation","serrf","SERRF","SIM01","Batch weighted-PC R²"
"truth_metabolite_profile_icc_mean",0.887607914457796,"higher",1000,"ICC(A,1)","","simulation","serrf","SERRF","SIM01","Truth metabolite ICC"
"truth_sample_profile_pearson_mean",0.879622363348465,"higher",450,"correlation","","simulation","serrf","SERRF","SIM01","Truth sample Pearson"
"heldout_qc_cv_mean",8.78288536211856,"lower",1000,"percent","","simulation","winn_auto_qc","WiNN auto (QC)","SIM01","Held-out QC CV (%)"
"residual_run_order_gam_mean_deviance",0.0190598805330619,"lower",5000,"proportion","","simulation","winn_auto_qc","WiNN auto (QC)","SIM01","Residual GAM deviance"
"batch_weighted_pc_r2_categorical",0.00100135976133962,"lower",450,"weighted R-squared","Batch is explicitly categorical.","simulation","winn_auto_qc","WiNN auto (QC)","SIM01","Batch weighted-PC R²"
"truth_metabolite_profile_icc_mean",0.922321659529502,"higher",1000,"ICC(A,1)","","simulation","winn_auto_qc","WiNN auto (QC)","SIM01","Truth metabolite ICC"
"truth_sample_profile_pearson_mean",0.925989767122605,"higher",450,"correlation","","simulation","winn_auto_qc","WiNN auto (QC)","SIM01","Truth sample Pearson"
"heldout_qc_cv_mean",16.3142944058656,"lower",1000,"percent","","simulation","winn_auto_batch_qc","WiNN auto-batch (QC)","SIM01","Held-out QC CV (%)"
"residual_run_order_gam_mean_deviance",0.138876443356538,"lower",5000,"proportion","","simulation","winn_auto_batch_qc","WiNN auto-batch (QC)","SIM01","Residual GAM deviance"
"batch_weighted_pc_r2_categorical",0.190350299562417,"lower",450,"weighted R-squared","Batch is explicitly categorical.","simulation","winn_auto_batch_qc","WiNN auto-batch (QC)","SIM01","Batch weighted-PC R²"
"truth_metabolite_profile_icc_mean",0.858213013478024,"higher",1000,"ICC(A,1)","","simulation","winn_auto_batch_qc","WiNN auto-batch (QC)","SIM01","Truth metabolite ICC"
"truth_sample_profile_pearson_mean",0.868555221284607,"higher",450,"correlation","","simulation","winn_auto_batch_qc","WiNN auto-batch (QC)","SIM01","Truth sample Pearson"
"heldout_qc_cv_mean",8.76629278513728,"lower",1000,"percent","","simulation","winn_fixed_no_qc","WiNN fixed default (no QC)","SIM01","Held-out QC CV (%)"
"residual_run_order_gam_mean_deviance",0.020259360410254,"lower",5000,"proportion","","simulation","winn_fixed_no_qc","WiNN fixed default (no QC)","SIM01","Residual GAM deviance"
"batch_weighted_pc_r2_categorical",0.000984578035653711,"lower",450,"weighted R-squared","Batch is explicitly categorical.","simulation","winn_fixed_no_qc","WiNN fixed default (no QC)","SIM01","Batch weighted-PC R²"
"truth_metabolite_profile_icc_mean",0.922101988056287,"higher",1000,"ICC(A,1)","","simulation","winn_fixed_no_qc","WiNN fixed default (no QC)","SIM01","Truth metabolite ICC"
"truth_sample_profile_pearson_mean",0.925722367961271,"higher",450,"correlation","","simulation","winn_fixed_no_qc","WiNN fixed default (no QC)","SIM01","Truth sample Pearson"
"heldout_qc_cv_mean",46.0458554803273,"lower",1000,"percent","","simulation","raw","Raw","SIM02","Held-out QC CV (%)"
"residual_run_order_gam_mean_deviance",0.126608992121227,"lower",5000,"proportion","","simulation","raw","Raw","SIM02","Residual GAM deviance"
"batch_weighted_pc_r2_categorical",0.963599564642599,"lower",450,"weighted R-squared","Batch is explicitly categorical.","simulation","raw","Raw","SIM02","Batch weighted-PC R²"
"truth_metabolite_profile_icc_mean",0.577019055009956,"higher",1000,"ICC(A,1)","","simulation","raw","Raw","SIM02","Truth metabolite ICC"
"truth_sample_profile_pearson_mean",0.510193725862697,"higher",450,"correlation","","simulation","raw","Raw","SIM02","Truth sample Pearson"
"heldout_qc_cv_mean",12.8587769260744,"lower",1000,"percent","","simulation","combat","ComBat","SIM02","Held-out QC CV (%)"
"residual_run_order_gam_mean_deviance",0.126608734434934,"lower",5000,"proportion","","simulation","combat","ComBat","SIM02","Residual GAM deviance"
"batch_weighted_pc_r2_categorical",0.000114063053212148,"lower",450,"weighted R-squared","Batch is explicitly categorical.","simulation","combat","ComBat","SIM02","Batch weighted-PC R²"
"truth_metabolite_profile_icc_mean",0.877058464265466,"higher",1000,"ICC(A,1)","","simulation","combat","ComBat","SIM02","Truth metabolite ICC"
"truth_sample_profile_pearson_mean",0.879360851214528,"higher",450,"correlation","","simulation","combat","ComBat","SIM02","Truth sample Pearson"
"heldout_qc_cv_mean",12.7286285306739,"lower",1000,"percent","","simulation","qc_rlsc","QC-RLSC","SIM02","Held-out QC CV (%)"
"residual_run_order_gam_mean_deviance",0.0534438666496551,"lower",5000,"proportion","","simulation","qc_rlsc","QC-RLSC","SIM02","Residual GAM deviance"
"batch_weighted_pc_r2_categorical",0.000272197986484185,"lower",450,"weighted R-squared","Batch is explicitly categorical.","simulation","qc_rlsc","QC-RLSC","SIM02","Batch weighted-PC R²"
"truth_metabolite_profile_icc_mean",0.903059192263792,"higher",1000,"ICC(A,1)","","simulation","qc_rlsc","QC-RLSC","SIM02","Truth metabolite ICC"
"truth_sample_profile_pearson_mean",0.904311620664417,"higher",450,"correlation","","simulation","qc_rlsc","QC-RLSC","SIM02","Truth sample Pearson"
"heldout_qc_cv_mean",32.0168289753813,"lower",1000,"percent","","simulation","qc_rfsc","QC-RFSC","SIM02","Held-out QC CV (%)"
"residual_run_order_gam_mean_deviance",0.11906457193557,"lower",5000,"proportion","","simulation","qc_rfsc","QC-RFSC","SIM02","Residual GAM deviance"
"batch_weighted_pc_r2_categorical",0.117154334724755,"lower",450,"weighted R-squared","Batch is explicitly categorical.","simulation","qc_rfsc","QC-RFSC","SIM02","Batch weighted-PC R²"
"truth_metabolite_profile_icc_mean",0.690082110890424,"higher",1000,"ICC(A,1)","","simulation","qc_rfsc","QC-RFSC","SIM02","Truth metabolite ICC"
"truth_sample_profile_pearson_mean",0.665091411489081,"higher",450,"correlation","","simulation","qc_rfsc","QC-RFSC","SIM02","Truth sample Pearson"
"heldout_qc_cv_mean",10.397952597894,"lower",1000,"percent","","simulation","tiger","TIGER","SIM02","Held-out QC CV (%)"
"residual_run_order_gam_mean_deviance",0.0838704973491164,"lower",5000,"proportion","","simulation","tiger","TIGER","SIM02","Residual GAM deviance"
"batch_weighted_pc_r2_categorical",0.0320282374516539,"lower",450,"weighted R-squared","Batch is explicitly categorical.","simulation","tiger","TIGER","SIM02","Batch weighted-PC R²"
"truth_metabolite_profile_icc_mean",0.869391193728504,"higher",1000,"ICC(A,1)","","simulation","tiger","TIGER","SIM02","Truth metabolite ICC"
"truth_sample_profile_pearson_mean",0.84996526577812,"higher",450,"correlation","","simulation","tiger","TIGER","SIM02","Truth sample Pearson"
"heldout_qc_cv_mean",13.0409237364573,"lower",1000,"percent","","simulation","serrf","SERRF","SIM02","Held-out QC CV (%)"
"residual_run_order_gam_mean_deviance",0.0991270543958985,"lower",5000,"proportion","","simulation","serrf","SERRF","SIM02","Residual GAM deviance"
"batch_weighted_pc_r2_categorical",0.000579019480337715,"lower",450,"weighted R-squared","Batch is explicitly categorical.","simulation","serrf","SERRF","SIM02","Batch weighted-PC R²"
"truth_metabolite_profile_icc_mean",0.883285843419585,"higher",1000,"ICC(A,1)","","simulation","serrf","SERRF","SIM02","Truth metabolite ICC"
"truth_sample_profile_pearson_mean",0.872192101154371,"higher",450,"correlation","","simulation","serrf","SERRF","SIM02","Truth sample Pearson"
"heldout_qc_cv_mean",9.14086434833699,"lower",1000,"percent","","simulation","winn_auto_qc","WiNN auto (QC)","SIM02","Held-out QC CV (%)"
"residual_run_order_gam_mean_deviance",0.0198100624082451,"lower",5000,"proportion","","simulation","winn_auto_qc","WiNN auto (QC)","SIM02","Residual GAM deviance"
"batch_weighted_pc_r2_categorical",0.00140103151190936,"lower",450,"weighted R-squared","Batch is explicitly categorical.","simulation","winn_auto_qc","WiNN auto (QC)","SIM02","Batch weighted-PC R²"
"truth_metabolite_profile_icc_mean",0.91818842884011,"higher",1000,"ICC(A,1)","","simulation","winn_auto_qc","WiNN auto (QC)","SIM02","Truth metabolite ICC"
"truth_sample_profile_pearson_mean",0.919486482099721,"higher",450,"correlation","","simulation","winn_auto_qc","WiNN auto (QC)","SIM02","Truth sample Pearson"
"heldout_qc_cv_mean",15.1748981974371,"lower",1000,"percent","","simulation","winn_auto_batch_qc","WiNN auto-batch (QC)","SIM02","Held-out QC CV (%)"
"residual_run_order_gam_mean_deviance",0.120738536884556,"lower",5000,"proportion","","simulation","winn_auto_batch_qc","WiNN auto-batch (QC)","SIM02","Residual GAM deviance"
"batch_weighted_pc_r2_categorical",0.188450217275425,"lower",450,"weighted R-squared","Batch is explicitly categorical.","simulation","winn_auto_batch_qc","WiNN auto-batch (QC)","SIM02","Batch weighted-PC R²"
"truth_metabolite_profile_icc_mean",0.858949022841333,"higher",1000,"ICC(A,1)","","simulation","winn_auto_batch_qc","WiNN auto-batch (QC)","SIM02","Truth metabolite ICC"
"truth_sample_profile_pearson_mean",0.869243775025059,"higher",450,"correlation","","simulation","winn_auto_batch_qc","WiNN auto-batch (QC)","SIM02","Truth sample Pearson"
"heldout_qc_cv_mean",9.07845073787309,"lower",1000,"percent","","simulation","winn_fixed_no_qc","WiNN fixed default (no QC)","SIM02","Held-out QC CV (%)"
"residual_run_order_gam_mean_deviance",0.021266909450256,"lower",5000,"proportion","","simulation","winn_fixed_no_qc","WiNN fixed default (no QC)","SIM02","Residual GAM deviance"
"batch_weighted_pc_r2_categorical",0.00120378704130995,"lower",450,"weighted R-squared","Batch is explicitly categorical.","simulation","winn_fixed_no_qc","WiNN fixed default (no QC)","SIM02","Batch weighted-PC R²"
"truth_metabolite_profile_icc_mean",0.91822667604616,"higher",1000,"ICC(A,1)","","simulation","winn_fixed_no_qc","WiNN fixed default (no QC)","SIM02","Truth metabolite ICC"
"truth_sample_profile_pearson_mean",0.919320721321823,"higher",450,"correlation","","simulation","winn_fixed_no_qc","WiNN fixed default (no QC)","SIM02","Truth sample Pearson"
"heldout_qc_cv_mean",45.3978250493888,"lower",1000,"percent","","simulation","raw","Raw","SIM03","Held-out QC CV (%)"
"residual_run_order_gam_mean_deviance",0.127101627479104,"lower",5000,"proportion","","simulation","raw","Raw","SIM03","Residual GAM deviance"
"batch_weighted_pc_r2_categorical",0.962280227771194,"lower",450,"weighted R-squared","Batch is explicitly categorical.","simulation","raw","Raw","SIM03","Batch weighted-PC R²"
"truth_metabolite_profile_icc_mean",0.589126836225825,"higher",1000,"ICC(A,1)","","simulation","raw","Raw","SIM03","Truth metabolite ICC"
"truth_sample_profile_pearson_mean",0.513319176839328,"higher",450,"correlation","","simulation","raw","Raw","SIM03","Truth sample Pearson"
"heldout_qc_cv_mean",13.0099848734501,"lower",1000,"percent","","simulation","combat","ComBat","SIM03","Held-out QC CV (%)"
"residual_run_order_gam_mean_deviance",0.127101469265802,"lower",5000,"proportion","","simulation","combat","ComBat","SIM03","Residual GAM deviance"
"batch_weighted_pc_r2_categorical",0.000122495485361499,"lower",450,"weighted R-squared","Batch is explicitly categorical.","simulation","combat","ComBat","SIM03","Batch weighted-PC R²"
"truth_metabolite_profile_icc_mean",0.878934543844973,"higher",1000,"ICC(A,1)","","simulation","combat","ComBat","SIM03","Truth metabolite ICC"
"truth_sample_profile_pearson_mean",0.877091043230342,"higher",450,"correlation","","simulation","combat","ComBat","SIM03","Truth sample Pearson"
"heldout_qc_cv_mean",10.8854662369357,"lower",1000,"percent","","simulation","qc_rlsc","QC-RLSC","SIM03","Held-out QC CV (%)"
"residual_run_order_gam_mean_deviance",0.0519252821411731,"lower",5000,"proportion","","simulation","qc_rlsc","QC-RLSC","SIM03","Residual GAM deviance"
"batch_weighted_pc_r2_categorical",0.000119785430971585,"lower",450,"weighted R-squared","Batch is explicitly categorical.","simulation","qc_rlsc","QC-RLSC","SIM03","Batch weighted-PC R²"
"truth_metabolite_profile_icc_mean",0.907704470695441,"higher",1000,"ICC(A,1)","","simulation","qc_rlsc","QC-RLSC","SIM03","Truth metabolite ICC"
"truth_sample_profile_pearson_mean",0.903876374562536,"higher",450,"correlation","","simulation","qc_rlsc","QC-RLSC","SIM03","Truth sample Pearson"
"heldout_qc_cv_mean",19.0850132446883,"lower",1000,"percent","","simulation","qc_rfsc","QC-RFSC","SIM03","Held-out QC CV (%)"
"residual_run_order_gam_mean_deviance",0.104724087368954,"lower",5000,"proportion","","simulation","qc_rfsc","QC-RFSC","SIM03","Residual GAM deviance"
"batch_weighted_pc_r2_categorical",0.13164922833928,"lower",450,"weighted R-squared","Batch is explicitly categorical.","simulation","qc_rfsc","QC-RFSC","SIM03","Batch weighted-PC R²"
"truth_metabolite_profile_icc_mean",0.706850122462393,"higher",1000,"ICC(A,1)","","simulation","qc_rfsc","QC-RFSC","SIM03","Truth metabolite ICC"
"truth_sample_profile_pearson_mean",0.660496559115649,"higher",450,"correlation","","simulation","qc_rfsc","QC-RFSC","SIM03","Truth sample Pearson"
"heldout_qc_cv_mean",9.59791108356221,"lower",1000,"percent","","simulation","tiger","TIGER","SIM03","Held-out QC CV (%)"
"residual_run_order_gam_mean_deviance",0.0836438425797742,"lower",5000,"proportion","","simulation","tiger","TIGER","SIM03","Residual GAM deviance"
"batch_weighted_pc_r2_categorical",0.0530585566018515,"lower",450,"weighted R-squared","Batch is explicitly categorical.","simulation","tiger","TIGER","SIM03","Batch weighted-PC R²"
"truth_metabolite_profile_icc_mean",0.872344618229197,"higher",1000,"ICC(A,1)","","simulation","tiger","TIGER","SIM03","Truth metabolite ICC"
"truth_sample_profile_pearson_mean",0.84338668335107,"higher",450,"correlation","","simulation","tiger","TIGER","SIM03","Truth sample Pearson"
"heldout_qc_cv_mean",13.0404393713486,"lower",1000,"percent","","simulation","serrf","SERRF","SIM03","Held-out QC CV (%)"
"residual_run_order_gam_mean_deviance",0.0970790204480711,"lower",5000,"proportion","","simulation","serrf","SERRF","SIM03","Residual GAM deviance"
"batch_weighted_pc_r2_categorical",0.00110050071585592,"lower",450,"weighted R-squared","Batch is explicitly categorical.","simulation","serrf","SERRF","SIM03","Batch weighted-PC R²"
"truth_metabolite_profile_icc_mean",0.888996141256717,"higher",1000,"ICC(A,1)","","simulation","serrf","SERRF","SIM03","Truth metabolite ICC"
"truth_sample_profile_pearson_mean",0.873326781093461,"higher",450,"correlation","","simulation","serrf","SERRF","SIM03","Truth sample Pearson"
"heldout_qc_cv_mean",8.74885537311953,"lower",1000,"percent","","simulation","winn_auto_qc","WiNN auto (QC)","SIM03","Held-out QC CV (%)"
"residual_run_order_gam_mean_deviance",0.019537301278022,"lower",5000,"proportion","","simulation","winn_auto_qc","WiNN auto (QC)","SIM03","Residual GAM deviance"
"batch_weighted_pc_r2_categorical",0.000929755156199981,"lower",450,"weighted R-squared","Batch is explicitly categorical.","simulation","winn_auto_qc","WiNN auto (QC)","SIM03","Batch weighted-PC R²"
"truth_metabolite_profile_icc_mean",0.922199812074577,"higher",1000,"ICC(A,1)","","simulation","winn_auto_qc","WiNN auto (QC)","SIM03","Truth metabolite ICC"
"truth_sample_profile_pearson_mean",0.921192414346395,"higher",450,"correlation","","simulation","winn_auto_qc","WiNN auto (QC)","SIM03","Truth sample Pearson"
"heldout_qc_cv_mean",15.6281047197911,"lower",1000,"percent","","simulation","winn_auto_batch_qc","WiNN auto-batch (QC)","SIM03","Held-out QC CV (%)"
"residual_run_order_gam_mean_deviance",0.115783534285059,"lower",5000,"proportion","","simulation","winn_auto_batch_qc","WiNN auto-batch (QC)","SIM03","Residual GAM deviance"
"batch_weighted_pc_r2_categorical",0.194995976319088,"lower",450,"weighted R-squared","Batch is explicitly categorical.","simulation","winn_auto_batch_qc","WiNN auto-batch (QC)","SIM03","Batch weighted-PC R²"
"truth_metabolite_profile_icc_mean",0.867146871122525,"higher",1000,"ICC(A,1)","","simulation","winn_auto_batch_qc","WiNN auto-batch (QC)","SIM03","Truth metabolite ICC"
"truth_sample_profile_pearson_mean",0.874002310303774,"higher",450,"correlation","","simulation","winn_auto_batch_qc","WiNN auto-batch (QC)","SIM03","Truth sample Pearson"
"heldout_qc_cv_mean",8.74467176482345,"lower",1000,"percent","","simulation","winn_fixed_no_qc","WiNN fixed default (no QC)","SIM03","Held-out QC CV (%)"
"residual_run_order_gam_mean_deviance",0.0213438612364564,"lower",5000,"proportion","","simulation","winn_fixed_no_qc","WiNN fixed default (no QC)","SIM03","Residual GAM deviance"
"batch_weighted_pc_r2_categorical",0.00068104865188373,"lower",450,"weighted R-squared","Batch is explicitly categorical.","simulation","winn_fixed_no_qc","WiNN fixed default (no QC)","SIM03","Batch weighted-PC R²"
"truth_metabolite_profile_icc_mean",0.92196663424219,"higher",1000,"ICC(A,1)","","simulation","winn_fixed_no_qc","WiNN fixed default (no QC)","SIM03","Truth metabolite ICC"
"truth_sample_profile_pearson_mean",0.920878251094504,"higher",450,"correlation","","simulation","winn_fixed_no_qc","WiNN fixed default (no QC)","SIM03","Truth sample Pearson"
"heldout_qc_cv_mean",44.4829301439678,"lower",1000,"percent","","simulation","raw","Raw","SIM04","Held-out QC CV (%)"
"residual_run_order_gam_mean_deviance",0.128999212207027,"lower",5000,"proportion","","simulation","raw","Raw","SIM04","Residual GAM deviance"
"batch_weighted_pc_r2_categorical",0.963672277422109,"lower",450,"weighted R-squared","Batch is explicitly categorical.","simulation","raw","Raw","SIM04","Batch weighted-PC R²"
"truth_metabolite_profile_icc_mean",0.583460354029746,"higher",1000,"ICC(A,1)","","simulation","raw","Raw","SIM04","Truth metabolite ICC"
"truth_sample_profile_pearson_mean",0.527958759118997,"higher",450,"correlation","","simulation","raw","Raw","SIM04","Truth sample Pearson"
"heldout_qc_cv_mean",12.9916709746876,"lower",1000,"percent","","simulation","combat","ComBat","SIM04","Held-out QC CV (%)"
"residual_run_order_gam_mean_deviance",0.128998990277918,"lower",5000,"proportion","","simulation","combat","ComBat","SIM04","Residual GAM deviance"
"batch_weighted_pc_r2_categorical",0.000113800341226412,"lower",450,"weighted R-squared","Batch is explicitly categorical.","simulation","combat","ComBat","SIM04","Batch weighted-PC R²"
"truth_metabolite_profile_icc_mean",0.879023797490488,"higher",1000,"ICC(A,1)","","simulation","combat","ComBat","SIM04","Truth metabolite ICC"
"truth_sample_profile_pearson_mean",0.880814016368057,"higher",450,"correlation","","simulation","combat","ComBat","SIM04","Truth sample Pearson"
"heldout_qc_cv_mean",11.6809968854423,"lower",1000,"percent","","simulation","qc_rlsc","QC-RLSC","SIM04","Held-out QC CV (%)"
"residual_run_order_gam_mean_deviance",0.057243273417772,"lower",5000,"proportion","","simulation","qc_rlsc","QC-RLSC","SIM04","Residual GAM deviance"
"batch_weighted_pc_r2_categorical",9.3504666372733e-05,"lower",450,"weighted R-squared","Batch is explicitly categorical.","simulation","qc_rlsc","QC-RLSC","SIM04","Batch weighted-PC R²"
"truth_metabolite_profile_icc_mean",0.90162453868772,"higher",1000,"ICC(A,1)","","simulation","qc_rlsc","QC-RLSC","SIM04","Truth metabolite ICC"
"truth_sample_profile_pearson_mean",0.903253006610525,"higher",450,"correlation","","simulation","qc_rlsc","QC-RLSC","SIM04","Truth sample Pearson"
"heldout_qc_cv_mean",13.2173359565027,"lower",1000,"percent","","simulation","qc_rfsc","QC-RFSC","SIM04","Held-out QC CV (%)"
"residual_run_order_gam_mean_deviance",0.121979154492797,"lower",5000,"proportion","","simulation","qc_rfsc","QC-RFSC","SIM04","Residual GAM deviance"
"batch_weighted_pc_r2_categorical",0.173127057682881,"lower",450,"weighted R-squared","Batch is explicitly categorical.","simulation","qc_rfsc","QC-RFSC","SIM04","Batch weighted-PC R²"
"truth_metabolite_profile_icc_mean",0.695467307117741,"higher",1000,"ICC(A,1)","","simulation","qc_rfsc","QC-RFSC","SIM04","Truth metabolite ICC"
"truth_sample_profile_pearson_mean",0.657669653065991,"higher",450,"correlation","","simulation","qc_rfsc","QC-RFSC","SIM04","Truth sample Pearson"
"heldout_qc_cv_mean",10.0031343596027,"lower",1000,"percent","","simulation","tiger","TIGER","SIM04","Held-out QC CV (%)"
"residual_run_order_gam_mean_deviance",0.0862983398148193,"lower",5000,"proportion","","simulation","tiger","TIGER","SIM04","Residual GAM deviance"
"batch_weighted_pc_r2_categorical",0.0905309788961231,"lower",450,"weighted R-squared","Batch is explicitly categorical.","simulation","tiger","TIGER","SIM04","Batch weighted-PC R²"
"truth_metabolite_profile_icc_mean",0.869664552415098,"higher",1000,"ICC(A,1)","","simulation","tiger","TIGER","SIM04","Truth metabolite ICC"
"truth_sample_profile_pearson_mean",0.862064514475573,"higher",450,"correlation","","simulation","tiger","TIGER","SIM04","Truth sample Pearson"
"heldout_qc_cv_mean",12.7087527186891,"lower",1000,"percent","","simulation","serrf","SERRF","SIM04","Held-out QC CV (%)"
"residual_run_order_gam_mean_deviance",0.0992751574708193,"lower",5000,"proportion","","simulation","serrf","SERRF","SIM04","Residual GAM deviance"
"batch_weighted_pc_r2_categorical",0.00124248111273319,"lower",450,"weighted R-squared","Batch is explicitly categorical.","simulation","serrf","SERRF","SIM04","Batch weighted-PC R²"
"truth_metabolite_profile_icc_mean",0.885195106629632,"higher",1000,"ICC(A,1)","","simulation","serrf","SERRF","SIM04","Truth metabolite ICC"
"truth_sample_profile_pearson_mean",0.87946756871461,"higher",450,"correlation","","simulation","serrf","SERRF","SIM04","Truth sample Pearson"
"heldout_qc_cv_mean",8.65609893620397,"lower",1000,"percent","","simulation","winn_auto_qc","WiNN auto (QC)","SIM04","Held-out QC CV (%)"
"residual_run_order_gam_mean_deviance",0.0187366631649198,"lower",5000,"proportion","","simulation","winn_auto_qc","WiNN auto (QC)","SIM04","Residual GAM deviance"
"batch_weighted_pc_r2_categorical",0.00122085510077192,"lower",450,"weighted R-squared","Batch is explicitly categorical.","simulation","winn_auto_qc","WiNN auto (QC)","SIM04","Batch weighted-PC R²"
"truth_metabolite_profile_icc_mean",0.922316152245494,"higher",1000,"ICC(A,1)","","simulation","winn_auto_qc","WiNN auto (QC)","SIM04","Truth metabolite ICC"
"truth_sample_profile_pearson_mean",0.927522225420304,"higher",450,"correlation","","simulation","winn_auto_qc","WiNN auto (QC)","SIM04","Truth sample Pearson"
"heldout_qc_cv_mean",13.0206805665538,"lower",1000,"percent","","simulation","winn_auto_batch_qc","WiNN auto-batch (QC)","SIM04","Held-out QC CV (%)"
"residual_run_order_gam_mean_deviance",0.137751735762044,"lower",5000,"proportion","","simulation","winn_auto_batch_qc","WiNN auto-batch (QC)","SIM04","Residual GAM deviance"
"batch_weighted_pc_r2_categorical",0.189764427527771,"lower",450,"weighted R-squared","Batch is explicitly categorical.","simulation","winn_auto_batch_qc","WiNN auto-batch (QC)","SIM04","Batch weighted-PC R²"
"truth_metabolite_profile_icc_mean",0.857737831912597,"higher",1000,"ICC(A,1)","","simulation","winn_auto_batch_qc","WiNN auto-batch (QC)","SIM04","Truth metabolite ICC"
"truth_sample_profile_pearson_mean",0.86946584052613,"higher",450,"correlation","","simulation","winn_auto_batch_qc","WiNN auto-batch (QC)","SIM04","Truth sample Pearson"
"heldout_qc_cv_mean",8.66243326850821,"lower",1000,"percent","","simulation","winn_fixed_no_qc","WiNN fixed default (no QC)","SIM04","Held-out QC CV (%)"
"residual_run_order_gam_mean_deviance",0.0204872060459964,"lower",5000,"proportion","","simulation","winn_fixed_no_qc","WiNN fixed default (no QC)","SIM04","Residual GAM deviance"
"batch_weighted_pc_r2_categorical",0.000919023895528327,"lower",450,"weighted R-squared","Batch is explicitly categorical.","simulation","winn_fixed_no_qc","WiNN fixed default (no QC)","SIM04","Batch weighted-PC R²"
"truth_metabolite_profile_icc_mean",0.922349683552122,"higher",1000,"ICC(A,1)","","simulation","winn_fixed_no_qc","WiNN fixed default (no QC)","SIM04","Truth metabolite ICC"
"truth_sample_profile_pearson_mean",0.927334726044255,"higher",450,"correlation","","simulation","winn_fixed_no_qc","WiNN fixed default (no QC)","SIM04","Truth sample Pearson"
"heldout_qc_cv_mean",43.6862535911735,"lower",1000,"percent","","simulation","raw","Raw","SIM05","Held-out QC CV (%)"
"residual_run_order_gam_mean_deviance",0.125547724513172,"lower",5000,"proportion","","simulation","raw","Raw","SIM05","Residual GAM deviance"
"batch_weighted_pc_r2_categorical",0.962076478387943,"lower",450,"weighted R-squared","Batch is explicitly categorical.","simulation","raw","Raw","SIM05","Batch weighted-PC R²"
"truth_metabolite_profile_icc_mean",0.591238414674297,"higher",1000,"ICC(A,1)","","simulation","raw","Raw","SIM05","Truth metabolite ICC"
"truth_sample_profile_pearson_mean",0.520200802978565,"higher",450,"correlation","","simulation","raw","Raw","SIM05","Truth sample Pearson"
"heldout_qc_cv_mean",11.92085090388,"lower",1000,"percent","","simulation","combat","ComBat","SIM05","Held-out QC CV (%)"
"residual_run_order_gam_mean_deviance",0.125547483311369,"lower",5000,"proportion","","simulation","combat","ComBat","SIM05","Residual GAM deviance"
"batch_weighted_pc_r2_categorical",0.000118029037619728,"lower",450,"weighted R-squared","Batch is explicitly categorical.","simulation","combat","ComBat","SIM05","Batch weighted-PC R²"
"truth_metabolite_profile_icc_mean",0.880095264232266,"higher",1000,"ICC(A,1)","","simulation","combat","ComBat","SIM05","Truth metabolite ICC"
"truth_sample_profile_pearson_mean",0.878273532849374,"higher",450,"correlation","","simulation","combat","ComBat","SIM05","Truth sample Pearson"
"heldout_qc_cv_mean",10.6716288444473,"lower",1000,"percent","","simulation","qc_rlsc","QC-RLSC","SIM05","Held-out QC CV (%)"
"residual_run_order_gam_mean_deviance",0.0528026880027563,"lower",5000,"proportion","","simulation","qc_rlsc","QC-RLSC","SIM05","Residual GAM deviance"
"batch_weighted_pc_r2_categorical",8.43365224038597e-05,"lower",450,"weighted R-squared","Batch is explicitly categorical.","simulation","qc_rlsc","QC-RLSC","SIM05","Batch weighted-PC R²"
"truth_metabolite_profile_icc_mean",0.906612360710656,"higher",1000,"ICC(A,1)","","simulation","qc_rlsc","QC-RLSC","SIM05","Truth metabolite ICC"
"truth_sample_profile_pearson_mean",0.904564348274904,"higher",450,"correlation","","simulation","qc_rlsc","QC-RLSC","SIM05","Truth sample Pearson"
"heldout_qc_cv_mean",10.2234590360892,"lower",1000,"percent","","simulation","qc_rfsc","QC-RFSC","SIM05","Held-out QC CV (%)"
"residual_run_order_gam_mean_deviance",0.115136275892583,"lower",5000,"proportion","","simulation","qc_rfsc","QC-RFSC","SIM05","Residual GAM deviance"
"batch_weighted_pc_r2_categorical",0.155429071237549,"lower",450,"weighted R-squared","Batch is explicitly categorical.","simulation","qc_rfsc","QC-RFSC","SIM05","Batch weighted-PC R²"
"truth_metabolite_profile_icc_mean",0.696713902302012,"higher",1000,"ICC(A,1)","","simulation","qc_rfsc","QC-RFSC","SIM05","Truth metabolite ICC"
"truth_sample_profile_pearson_mean",0.65034566742373,"higher",450,"correlation","","simulation","qc_rfsc","QC-RFSC","SIM05","Truth sample Pearson"
"heldout_qc_cv_mean",8.87914165112623,"lower",1000,"percent","","simulation","tiger","TIGER","SIM05","Held-out QC CV (%)"
"residual_run_order_gam_mean_deviance",0.0815209568003766,"lower",5000,"proportion","","simulation","tiger","TIGER","SIM05","Residual GAM deviance"
"batch_weighted_pc_r2_categorical",0.0732520809687819,"lower",450,"weighted R-squared","Batch is explicitly categorical.","simulation","tiger","TIGER","SIM05","Batch weighted-PC R²"
"truth_metabolite_profile_icc_mean",0.872007876515218,"higher",1000,"ICC(A,1)","","simulation","tiger","TIGER","SIM05","Truth metabolite ICC"
"truth_sample_profile_pearson_mean",0.849464233461453,"higher",450,"correlation","","simulation","tiger","TIGER","SIM05","Truth sample Pearson"
"heldout_qc_cv_mean",11.8581349303357,"lower",1000,"percent","","simulation","serrf","SERRF","SIM05","Held-out QC CV (%)"
"residual_run_order_gam_mean_deviance",0.0975983711525286,"lower",5000,"proportion","","simulation","serrf","SERRF","SIM05","Residual GAM deviance"
"batch_weighted_pc_r2_categorical",0.00061371337540241,"lower",450,"weighted R-squared","Batch is explicitly categorical.","simulation","serrf","SERRF","SIM05","Batch weighted-PC R²"
"truth_metabolite_profile_icc_mean",0.886915587861869,"higher",1000,"ICC(A,1)","","simulation","serrf","SERRF","SIM05","Truth metabolite ICC"
"truth_sample_profile_pearson_mean",0.873797100727145,"higher",450,"correlation","","simulation","serrf","SERRF","SIM05","Truth sample Pearson"
"heldout_qc_cv_mean",8.43746935826601,"lower",1000,"percent","","simulation","winn_auto_qc","WiNN auto (QC)","SIM05","Held-out QC CV (%)"
"residual_run_order_gam_mean_deviance",0.0198448314689079,"lower",5000,"proportion","","simulation","winn_auto_qc","WiNN auto (QC)","SIM05","Residual GAM deviance"
"batch_weighted_pc_r2_categorical",0.000712594893891655,"lower",450,"weighted R-squared","Batch is explicitly categorical.","simulation","winn_auto_qc","WiNN auto (QC)","SIM05","Batch weighted-PC R²"
"truth_metabolite_profile_icc_mean",0.921370095234413,"higher",1000,"ICC(A,1)","","simulation","winn_auto_qc","WiNN auto (QC)","SIM05","Truth metabolite ICC"
"truth_sample_profile_pearson_mean",0.920859090416902,"higher",450,"correlation","","simulation","winn_auto_qc","WiNN auto (QC)","SIM05","Truth sample Pearson"
"heldout_qc_cv_mean",10.5219993591051,"lower",1000,"percent","","simulation","winn_auto_batch_qc","WiNN auto-batch (QC)","SIM05","Held-out QC CV (%)"
"residual_run_order_gam_mean_deviance",0.0750793863837347,"lower",5000,"proportion","","simulation","winn_auto_batch_qc","WiNN auto-batch (QC)","SIM05","Residual GAM deviance"
"batch_weighted_pc_r2_categorical",0.114588952709036,"lower",450,"weighted R-squared","Batch is explicitly categorical.","simulation","winn_auto_batch_qc","WiNN auto-batch (QC)","SIM05","Batch weighted-PC R²"
"truth_metabolite_profile_icc_mean",0.882292442908406,"higher",1000,"ICC(A,1)","","simulation","winn_auto_batch_qc","WiNN auto-batch (QC)","SIM05","Truth metabolite ICC"
"truth_sample_profile_pearson_mean",0.886809585223004,"higher",450,"correlation","","simulation","winn_auto_batch_qc","WiNN auto-batch (QC)","SIM05","Truth sample Pearson"
"heldout_qc_cv_mean",8.42898920927422,"lower",1000,"percent","","simulation","winn_fixed_no_qc","WiNN fixed default (no QC)","SIM05","Held-out QC CV (%)"
"residual_run_order_gam_mean_deviance",0.0216195779295135,"lower",5000,"proportion","","simulation","winn_fixed_no_qc","WiNN fixed default (no QC)","SIM05","Residual GAM deviance"
"batch_weighted_pc_r2_categorical",0.000739759376116102,"lower",450,"weighted R-squared","Batch is explicitly categorical.","simulation","winn_fixed_no_qc","WiNN fixed default (no QC)","SIM05","Batch weighted-PC R²"
"truth_metabolite_profile_icc_mean",0.921185897206306,"higher",1000,"ICC(A,1)","","simulation","winn_fixed_no_qc","WiNN fixed default (no QC)","SIM05","Truth metabolite ICC"
"truth_sample_profile_pearson_mean",0.920629899455086,"higher",450,"correlation","","simulation","winn_fixed_no_qc","WiNN fixed default (no QC)","SIM05","Truth sample Pearson"
"heldout_qc_cv_mean",45.4455913430314,"lower",1000,"percent","","simulation","raw","Raw","SIM06","Held-out QC CV (%)"
"residual_run_order_gam_mean_deviance",0.122435574911771,"lower",5000,"proportion","","simulation","raw","Raw","SIM06","Residual GAM deviance"
"batch_weighted_pc_r2_categorical",0.963598199950116,"lower",450,"weighted R-squared","Batch is explicitly categorical.","simulation","raw","Raw","SIM06","Batch weighted-PC R²"
"truth_metabolite_profile_icc_mean",0.58757778276978,"higher",1000,"ICC(A,1)","","simulation","raw","Raw","SIM06","Truth metabolite ICC"
"truth_sample_profile_pearson_mean",0.514902405541303,"higher",450,"correlation","","simulation","raw","Raw","SIM06","Truth sample Pearson"
"heldout_qc_cv_mean",12.8952172294557,"lower",1000,"percent","","simulation","combat","ComBat","SIM06","Held-out QC CV (%)"
"residual_run_order_gam_mean_deviance",0.122435403277821,"lower",5000,"proportion","","simulation","combat","ComBat","SIM06","Residual GAM deviance"
"batch_weighted_pc_r2_categorical",6.1496482718574e-05,"lower",450,"weighted R-squared","Batch is explicitly categorical.","simulation","combat","ComBat","SIM06","Batch weighted-PC R²"
"truth_metabolite_profile_icc_mean",0.880668905070386,"higher",1000,"ICC(A,1)","","simulation","combat","ComBat","SIM06","Truth metabolite ICC"
"truth_sample_profile_pearson_mean",0.882324939337378,"higher",450,"correlation","","simulation","combat","ComBat","SIM06","Truth sample Pearson"
"heldout_qc_cv_mean",10.8726259102405,"lower",1000,"percent","","simulation","qc_rlsc","QC-RLSC","SIM06","Held-out QC CV (%)"
"residual_run_order_gam_mean_deviance",0.0520776804248783,"lower",5000,"proportion","","simulation","qc_rlsc","QC-RLSC","SIM06","Residual GAM deviance"
"batch_weighted_pc_r2_categorical",0.000148464056438104,"lower",450,"weighted R-squared","Batch is explicitly categorical.","simulation","qc_rlsc","QC-RLSC","SIM06","Batch weighted-PC R²"
"truth_metabolite_profile_icc_mean",0.904378345355295,"higher",1000,"ICC(A,1)","","simulation","qc_rlsc","QC-RLSC","SIM06","Truth metabolite ICC"
"truth_sample_profile_pearson_mean",0.905236339522557,"higher",450,"correlation","","simulation","qc_rlsc","QC-RLSC","SIM06","Truth sample Pearson"
"heldout_qc_cv_mean",13.2096444309348,"lower",1000,"percent","","simulation","qc_rfsc","QC-RFSC","SIM06","Held-out QC CV (%)"
"residual_run_order_gam_mean_deviance",0.13208767932442,"lower",5000,"proportion","","simulation","qc_rfsc","QC-RFSC","SIM06","Residual GAM deviance"
"batch_weighted_pc_r2_categorical",0.152345252240769,"lower",450,"weighted R-squared","Batch is explicitly categorical.","simulation","qc_rfsc","QC-RFSC","SIM06","Batch weighted-PC R²"
"truth_metabolite_profile_icc_mean",0.689351034717308,"higher",1000,"ICC(A,1)","","simulation","qc_rfsc","QC-RFSC","SIM06","Truth metabolite ICC"
"truth_sample_profile_pearson_mean",0.674771068934823,"higher",450,"correlation","","simulation","qc_rfsc","QC-RFSC","SIM06","Truth sample Pearson"
"heldout_qc_cv_mean",9.12950458948082,"lower",1000,"percent","","simulation","tiger","TIGER","SIM06","Held-out QC CV (%)"
"residual_run_order_gam_mean_deviance",0.0813616544518397,"lower",5000,"proportion","","simulation","tiger","TIGER","SIM06","Residual GAM deviance"
"batch_weighted_pc_r2_categorical",0.0556315294552679,"lower",450,"weighted R-squared","Batch is explicitly categorical.","simulation","tiger","TIGER","SIM06","Batch weighted-PC R²"
"truth_metabolite_profile_icc_mean",0.870567009116608,"higher",1000,"ICC(A,1)","","simulation","tiger","TIGER","SIM06","Truth metabolite ICC"
"truth_sample_profile_pearson_mean",0.835092959168192,"higher",450,"correlation","","simulation","tiger","TIGER","SIM06","Truth sample Pearson"
"heldout_qc_cv_mean",12.8488710941019,"lower",1000,"percent","","simulation","serrf","SERRF","SIM06","Held-out QC CV (%)"
"residual_run_order_gam_mean_deviance",0.0956868256521402,"lower",5000,"proportion","","simulation","serrf","SERRF","SIM06","Residual GAM deviance"
"batch_weighted_pc_r2_categorical",0.0016272780666388,"lower",450,"weighted R-squared","Batch is explicitly categorical.","simulation","serrf","SERRF","SIM06","Batch weighted-PC R²"
"truth_metabolite_profile_icc_mean",0.888353359988811,"higher",1000,"ICC(A,1)","","simulation","serrf","SERRF","SIM06","Truth metabolite ICC"
"truth_sample_profile_pearson_mean",0.874974367074674,"higher",450,"correlation","","simulation","serrf","SERRF","SIM06","Truth sample Pearson"
"heldout_qc_cv_mean",8.61620851250192,"lower",1000,"percent","","simulation","winn_auto_qc","WiNN auto (QC)","SIM06","Held-out QC CV (%)"
"residual_run_order_gam_mean_deviance",0.0215438905538847,"lower",5000,"proportion","","simulation","winn_auto_qc","WiNN auto (QC)","SIM06","Residual GAM deviance"
"batch_weighted_pc_r2_categorical",0.000792824502032142,"lower",450,"weighted R-squared","Batch is explicitly categorical.","simulation","winn_auto_qc","WiNN auto (QC)","SIM06","Batch weighted-PC R²"
"truth_metabolite_profile_icc_mean",0.92112518666074,"higher",1000,"ICC(A,1)","","simulation","winn_auto_qc","WiNN auto (QC)","SIM06","Truth metabolite ICC"
"truth_sample_profile_pearson_mean",0.924906539158782,"higher",450,"correlation","","simulation","winn_auto_qc","WiNN auto (QC)","SIM06","Truth sample Pearson"
"heldout_qc_cv_mean",18.4475738781864,"lower",1000,"percent","","simulation","winn_auto_batch_qc","WiNN auto-batch (QC)","SIM06","Held-out QC CV (%)"
"residual_run_order_gam_mean_deviance",0.144731443345892,"lower",5000,"proportion","","simulation","winn_auto_batch_qc","WiNN auto-batch (QC)","SIM06","Residual GAM deviance"
"batch_weighted_pc_r2_categorical",0.302506088513641,"lower",450,"weighted R-squared","Batch is explicitly categorical.","simulation","winn_auto_batch_qc","WiNN auto-batch (QC)","SIM06","Batch weighted-PC R²"
"truth_metabolite_profile_icc_mean",0.843635907342313,"higher",1000,"ICC(A,1)","","simulation","winn_auto_batch_qc","WiNN auto-batch (QC)","SIM06","Truth metabolite ICC"
"truth_sample_profile_pearson_mean",0.853341027048573,"higher",450,"correlation","","simulation","winn_auto_batch_qc","WiNN auto-batch (QC)","SIM06","Truth sample Pearson"
"heldout_qc_cv_mean",8.61903085584063,"lower",1000,"percent","","simulation","winn_fixed_no_qc","WiNN fixed default (no QC)","SIM06","Held-out QC CV (%)"
"residual_run_order_gam_mean_deviance",0.0215326561677557,"lower",5000,"proportion","","simulation","winn_fixed_no_qc","WiNN fixed default (no QC)","SIM06","Residual GAM deviance"
"batch_weighted_pc_r2_categorical",0.000822589818943679,"lower",450,"weighted R-squared","Batch is explicitly categorical.","simulation","winn_fixed_no_qc","WiNN fixed default (no QC)","SIM06","Batch weighted-PC R²"
"truth_metabolite_profile_icc_mean",0.920949468357364,"higher",1000,"ICC(A,1)","","simulation","winn_fixed_no_qc","WiNN fixed default (no QC)","SIM06","Truth metabolite ICC"
"truth_sample_profile_pearson_mean",0.924847149755594,"higher",450,"correlation","","simulation","winn_fixed_no_qc","WiNN fixed default (no QC)","SIM06","Truth sample Pearson"
"heldout_qc_cv_mean",43.3237040927998,"lower",1000,"percent","","simulation","raw","Raw","SIM07","Held-out QC CV (%)"
"residual_run_order_gam_mean_deviance",0.12753075161751,"lower",5000,"proportion","","simulation","raw","Raw","SIM07","Residual GAM deviance"
"batch_weighted_pc_r2_categorical",0.963286281377159,"lower",450,"weighted R-squared","Batch is explicitly categorical.","simulation","raw","Raw","SIM07","Batch weighted-PC R²"
"truth_metabolite_profile_icc_mean",0.594809903197333,"higher",1000,"ICC(A,1)","","simulation","raw","Raw","SIM07","Truth metabolite ICC"
"truth_sample_profile_pearson_mean",0.525550602568528,"higher",450,"correlation","","simulation","raw","Raw","SIM07","Truth sample Pearson"
"heldout_qc_cv_mean",11.7840832213615,"lower",1000,"percent","","simulation","combat","ComBat","SIM07","Held-out QC CV (%)"
"residual_run_order_gam_mean_deviance",0.12753052657011,"lower",5000,"proportion","","simulation","combat","ComBat","SIM07","Residual GAM deviance"
"batch_weighted_pc_r2_categorical",9.22906124156833e-05,"lower",450,"weighted R-squared","Batch is explicitly categorical.","simulation","combat","ComBat","SIM07","Batch weighted-PC R²"
"truth_metabolite_profile_icc_mean",0.879095622469906,"higher",1000,"ICC(A,1)","","simulation","combat","ComBat","SIM07","Truth metabolite ICC"
"truth_sample_profile_pearson_mean",0.880227717225042,"higher",450,"correlation","","simulation","combat","ComBat","SIM07","Truth sample Pearson"
"heldout_qc_cv_mean",11.2190861584307,"lower",1000,"percent","","simulation","qc_rlsc","QC-RLSC","SIM07","Held-out QC CV (%)"
"residual_run_order_gam_mean_deviance",0.0501568697699568,"lower",5000,"proportion","","simulation","qc_rlsc","QC-RLSC","SIM07","Residual GAM deviance"
"batch_weighted_pc_r2_categorical",0.000111108250799471,"lower",450,"weighted R-squared","Batch is explicitly categorical.","simulation","qc_rlsc","QC-RLSC","SIM07","Batch weighted-PC R²"
"truth_metabolite_profile_icc_mean",0.909181014014572,"higher",1000,"ICC(A,1)","","simulation","qc_rlsc","QC-RLSC","SIM07","Truth metabolite ICC"
"truth_sample_profile_pearson_mean",0.908689376087198,"higher",450,"correlation","","simulation","qc_rlsc","QC-RLSC","SIM07","Truth sample Pearson"
"heldout_qc_cv_mean",17.6021780056693,"lower",1000,"percent","","simulation","qc_rfsc","QC-RFSC","SIM07","Held-out QC CV (%)"
"residual_run_order_gam_mean_deviance",0.10484306001721,"lower",5000,"proportion","","simulation","qc_rfsc","QC-RFSC","SIM07","Residual GAM deviance"
"batch_weighted_pc_r2_categorical",0.13347840482396,"lower",450,"weighted R-squared","Batch is explicitly categorical.","simulation","qc_rfsc","QC-RFSC","SIM07","Batch weighted-PC R²"
"truth_metabolite_profile_icc_mean",0.703716953755978,"higher",1000,"ICC(A,1)","","simulation","qc_rfsc","QC-RFSC","SIM07","Truth metabolite ICC"
"truth_sample_profile_pearson_mean",0.658360622710135,"higher",450,"correlation","","simulation","qc_rfsc","QC-RFSC","SIM07","Truth sample Pearson"
"heldout_qc_cv_mean",9.49457510683067,"lower",1000,"percent","","simulation","tiger","TIGER","SIM07","Held-out QC CV (%)"
"residual_run_order_gam_mean_deviance",0.0834912544078682,"lower",5000,"proportion","","simulation","tiger","TIGER","SIM07","Residual GAM deviance"
"batch_weighted_pc_r2_categorical",0.0574833236929965,"lower",450,"weighted R-squared","Batch is explicitly categorical.","simulation","tiger","TIGER","SIM07","Batch weighted-PC R²"
"truth_metabolite_profile_icc_mean",0.873146281000175,"higher",1000,"ICC(A,1)","","simulation","tiger","TIGER","SIM07","Truth metabolite ICC"
"truth_sample_profile_pearson_mean",0.856232801739753,"higher",450,"correlation","","simulation","tiger","TIGER","SIM07","Truth sample Pearson"
"heldout_qc_cv_mean",12.1704309539012,"lower",1000,"percent","","simulation","serrf","SERRF","SIM07","Held-out QC CV (%)"
"residual_run_order_gam_mean_deviance",0.0953415987991869,"lower",5000,"proportion","","simulation","serrf","SERRF","SIM07","Residual GAM deviance"
"batch_weighted_pc_r2_categorical",0.000421112422799785,"lower",450,"weighted R-squared","Batch is explicitly categorical.","simulation","serrf","SERRF","SIM07","Batch weighted-PC R²"
"truth_metabolite_profile_icc_mean",0.891311847720648,"higher",1000,"ICC(A,1)","","simulation","serrf","SERRF","SIM07","Truth metabolite ICC"
"truth_sample_profile_pearson_mean",0.884754600162773,"higher",450,"correlation","","simulation","serrf","SERRF","SIM07","Truth sample Pearson"
"heldout_qc_cv_mean",8.63544421594716,"lower",1000,"percent","","simulation","winn_auto_qc","WiNN auto (QC)","SIM07","Held-out QC CV (%)"
"residual_run_order_gam_mean_deviance",0.019845027997588,"lower",5000,"proportion","","simulation","winn_auto_qc","WiNN auto (QC)","SIM07","Residual GAM deviance"
"batch_weighted_pc_r2_categorical",0.000913292802269072,"lower",450,"weighted R-squared","Batch is explicitly categorical.","simulation","winn_auto_qc","WiNN auto (QC)","SIM07","Batch weighted-PC R²"
"truth_metabolite_profile_icc_mean",0.921430009715198,"higher",1000,"ICC(A,1)","","simulation","winn_auto_qc","WiNN auto (QC)","SIM07","Truth metabolite ICC"
"truth_sample_profile_pearson_mean",0.924146738481641,"higher",450,"correlation","","simulation","winn_auto_qc","WiNN auto (QC)","SIM07","Truth sample Pearson"
"heldout_qc_cv_mean",13.2153131993845,"lower",1000,"percent","","simulation","winn_auto_batch_qc","WiNN auto-batch (QC)","SIM07","Held-out QC CV (%)"
"residual_run_order_gam_mean_deviance",0.0875166528881137,"lower",5000,"proportion","","simulation","winn_auto_batch_qc","WiNN auto-batch (QC)","SIM07","Residual GAM deviance"
"batch_weighted_pc_r2_categorical",0.1391796799333,"lower",450,"weighted R-squared","Batch is explicitly categorical.","simulation","winn_auto_batch_qc","WiNN auto-batch (QC)","SIM07","Batch weighted-PC R²"
"truth_metabolite_profile_icc_mean",0.883657789605854,"higher",1000,"ICC(A,1)","","simulation","winn_auto_batch_qc","WiNN auto-batch (QC)","SIM07","Truth metabolite ICC"
"truth_sample_profile_pearson_mean",0.891871048095595,"higher",450,"correlation","","simulation","winn_auto_batch_qc","WiNN auto-batch (QC)","SIM07","Truth sample Pearson"
"heldout_qc_cv_mean",8.66664255416764,"lower",1000,"percent","","simulation","winn_fixed_no_qc","WiNN fixed default (no QC)","SIM07","Held-out QC CV (%)"
"residual_run_order_gam_mean_deviance",0.0198640127223974,"lower",5000,"proportion","","simulation","winn_fixed_no_qc","WiNN fixed default (no QC)","SIM07","Residual GAM deviance"
"batch_weighted_pc_r2_categorical",0.000961872297493601,"lower",450,"weighted R-squared","Batch is explicitly categorical.","simulation","winn_fixed_no_qc","WiNN fixed default (no QC)","SIM07","Batch weighted-PC R²"
"truth_metabolite_profile_icc_mean",0.921389682845685,"higher",1000,"ICC(A,1)","","simulation","winn_fixed_no_qc","WiNN fixed default (no QC)","SIM07","Truth metabolite ICC"
"truth_sample_profile_pearson_mean",0.924055672932798,"higher",450,"correlation","","simulation","winn_fixed_no_qc","WiNN fixed default (no QC)","SIM07","Truth sample Pearson"
"heldout_qc_cv_mean",44.7497650511745,"lower",1000,"percent","","simulation","raw","Raw","SIM08","Held-out QC CV (%)"
"residual_run_order_gam_mean_deviance",0.122558664063858,"lower",5000,"proportion","","simulation","raw","Raw","SIM08","Residual GAM deviance"
"batch_weighted_pc_r2_categorical",0.965288807097901,"lower",450,"weighted R-squared","Batch is explicitly categorical.","simulation","raw","Raw","SIM08","Batch weighted-PC R²"
"truth_metabolite_profile_icc_mean",0.582327788968522,"higher",1000,"ICC(A,1)","","simulation","raw","Raw","SIM08","Truth metabolite ICC"
"truth_sample_profile_pearson_mean",0.510287226761651,"higher",450,"correlation","","simulation","raw","Raw","SIM08","Truth sample Pearson"
"heldout_qc_cv_mean",11.9061588656452,"lower",1000,"percent","","simulation","combat","ComBat","SIM08","Held-out QC CV (%)"
"residual_run_order_gam_mean_deviance",0.122558418840297,"lower",5000,"proportion","","simulation","combat","ComBat","SIM08","Residual GAM deviance"
"batch_weighted_pc_r2_categorical",0.000121092254877588,"lower",450,"weighted R-squared","Batch is explicitly categorical.","simulation","combat","ComBat","SIM08","Batch weighted-PC R²"
"truth_metabolite_profile_icc_mean",0.881217595578923,"higher",1000,"ICC(A,1)","","simulation","combat","ComBat","SIM08","Truth metabolite ICC"
"truth_sample_profile_pearson_mean",0.879583777336532,"higher",450,"correlation","","simulation","combat","ComBat","SIM08","Truth sample Pearson"
"heldout_qc_cv_mean",10.4999131624941,"lower",1000,"percent","","simulation","qc_rlsc","QC-RLSC","SIM08","Held-out QC CV (%)"
"residual_run_order_gam_mean_deviance",0.0487972916733427,"lower",5000,"proportion","","simulation","qc_rlsc","QC-RLSC","SIM08","Residual GAM deviance"
"batch_weighted_pc_r2_categorical",7.49716785129518e-05,"lower",450,"weighted R-squared","Batch is explicitly categorical.","simulation","qc_rlsc","QC-RLSC","SIM08","Batch weighted-PC R²"
"truth_metabolite_profile_icc_mean",0.907738386098248,"higher",1000,"ICC(A,1)","","simulation","qc_rlsc","QC-RLSC","SIM08","Truth metabolite ICC"
"truth_sample_profile_pearson_mean",0.90420157652284,"higher",450,"correlation","","simulation","qc_rlsc","QC-RLSC","SIM08","Truth sample Pearson"
"heldout_qc_cv_mean",10.9401985050664,"lower",1000,"percent","","simulation","qc_rfsc","QC-RFSC","SIM08","Held-out QC CV (%)"
"residual_run_order_gam_mean_deviance",0.116782400325852,"lower",5000,"proportion","","simulation","qc_rfsc","QC-RFSC","SIM08","Residual GAM deviance"
"batch_weighted_pc_r2_categorical",0.142300292919002,"lower",450,"weighted R-squared","Batch is explicitly categorical.","simulation","qc_rfsc","QC-RFSC","SIM08","Batch weighted-PC R²"
"truth_metabolite_profile_icc_mean",0.694782525079178,"higher",1000,"ICC(A,1)","","simulation","qc_rfsc","QC-RFSC","SIM08","Truth metabolite ICC"
"truth_sample_profile_pearson_mean",0.643051864418511,"higher",450,"correlation","","simulation","qc_rfsc","QC-RFSC","SIM08","Truth sample Pearson"
"heldout_qc_cv_mean",8.3970204233217,"lower",1000,"percent","","simulation","tiger","TIGER","SIM08","Held-out QC CV (%)"
"residual_run_order_gam_mean_deviance",0.0804314254434211,"lower",5000,"proportion","","simulation","tiger","TIGER","SIM08","Residual GAM deviance"
"batch_weighted_pc_r2_categorical",0.0430497724260917,"lower",450,"weighted R-squared","Batch is explicitly categorical.","simulation","tiger","TIGER","SIM08","Batch weighted-PC R²"
"truth_metabolite_profile_icc_mean",0.868670992138546,"higher",1000,"ICC(A,1)","","simulation","tiger","TIGER","SIM08","Truth metabolite ICC"
"truth_sample_profile_pearson_mean",0.841643786590709,"higher",450,"correlation","","simulation","tiger","TIGER","SIM08","Truth sample Pearson"
"heldout_qc_cv_mean",11.6664082856115,"lower",1000,"percent","","simulation","serrf","SERRF","SIM08","Held-out QC CV (%)"
"residual_run_order_gam_mean_deviance",0.0935685227450155,"lower",5000,"proportion","","simulation","serrf","SERRF","SIM08","Residual GAM deviance"
"batch_weighted_pc_r2_categorical",0.0015747619783158,"lower",450,"weighted R-squared","Batch is explicitly categorical.","simulation","serrf","SERRF","SIM08","Batch weighted-PC R²"
"truth_metabolite_profile_icc_mean",0.889242879756884,"higher",1000,"ICC(A,1)","","simulation","serrf","SERRF","SIM08","Truth metabolite ICC"
"truth_sample_profile_pearson_mean",0.870958829380632,"higher",450,"correlation","","simulation","serrf","SERRF","SIM08","Truth sample Pearson"
"heldout_qc_cv_mean",8.44113294756831,"lower",1000,"percent","","simulation","winn_auto_qc","WiNN auto (QC)","SIM08","Held-out QC CV (%)"
"residual_run_order_gam_mean_deviance",0.0214892892019901,"lower",5000,"proportion","","simulation","winn_auto_qc","WiNN auto (QC)","SIM08","Residual GAM deviance"
"batch_weighted_pc_r2_categorical",0.000453735537363147,"lower",450,"weighted R-squared","Batch is explicitly categorical.","simulation","winn_auto_qc","WiNN auto (QC)","SIM08","Batch weighted-PC R²"
"truth_metabolite_profile_icc_mean",0.918979359467449,"higher",1000,"ICC(A,1)","","simulation","winn_auto_qc","WiNN auto (QC)","SIM08","Truth metabolite ICC"
"truth_sample_profile_pearson_mean",0.918015120426214,"higher",450,"correlation","","simulation","winn_auto_qc","WiNN auto (QC)","SIM08","Truth sample Pearson"
"heldout_qc_cv_mean",14.3383469483331,"lower",1000,"percent","","simulation","winn_auto_batch_qc","WiNN auto-batch (QC)","SIM08","Held-out QC CV (%)"
"residual_run_order_gam_mean_deviance",0.153985313916287,"lower",5000,"proportion","","simulation","winn_auto_batch_qc","WiNN auto-batch (QC)","SIM08","Residual GAM deviance"
"batch_weighted_pc_r2_categorical",0.297280363037024,"lower",450,"weighted R-squared","Batch is explicitly categorical.","simulation","winn_auto_batch_qc","WiNN auto-batch (QC)","SIM08","Batch weighted-PC R²"
"truth_metabolite_profile_icc_mean",0.833830028893692,"higher",1000,"ICC(A,1)","","simulation","winn_auto_batch_qc","WiNN auto-batch (QC)","SIM08","Truth metabolite ICC"
"truth_sample_profile_pearson_mean",0.843807290418934,"higher",450,"correlation","","simulation","winn_auto_batch_qc","WiNN auto-batch (QC)","SIM08","Truth sample Pearson"
"heldout_qc_cv_mean",8.45071792633157,"lower",1000,"percent","","simulation","winn_fixed_no_qc","WiNN fixed default (no QC)","SIM08","Held-out QC CV (%)"
"residual_run_order_gam_mean_deviance",0.0215088394148954,"lower",5000,"proportion","","simulation","winn_fixed_no_qc","WiNN fixed default (no QC)","SIM08","Residual GAM deviance"
"batch_weighted_pc_r2_categorical",0.000452966163941812,"lower",450,"weighted R-squared","Batch is explicitly categorical.","simulation","winn_fixed_no_qc","WiNN fixed default (no QC)","SIM08","Batch weighted-PC R²"
"truth_metabolite_profile_icc_mean",0.918748087221842,"higher",1000,"ICC(A,1)","","simulation","winn_fixed_no_qc","WiNN fixed default (no QC)","SIM08","Truth metabolite ICC"
"truth_sample_profile_pearson_mean",0.917921592834698,"higher",450,"correlation","","simulation","winn_fixed_no_qc","WiNN fixed default (no QC)","SIM08","Truth sample Pearson"
"heldout_qc_cv_mean",44.6627755388353,"lower",1000,"percent","","simulation","raw","Raw","SIM09","Held-out QC CV (%)"
"residual_run_order_gam_mean_deviance",0.123197409908073,"lower",5000,"proportion","","simulation","raw","Raw","SIM09","Residual GAM deviance"
"batch_weighted_pc_r2_categorical",0.963943539811015,"lower",450,"weighted R-squared","Batch is explicitly categorical.","simulation","raw","Raw","SIM09","Batch weighted-PC R²"
"truth_metabolite_profile_icc_mean",0.587636789919922,"higher",1000,"ICC(A,1)","","simulation","raw","Raw","SIM09","Truth metabolite ICC"
"truth_sample_profile_pearson_mean",0.525991495840513,"higher",450,"correlation","","simulation","raw","Raw","SIM09","Truth sample Pearson"
"heldout_qc_cv_mean",12.8033174849817,"lower",1000,"percent","","simulation","combat","ComBat","SIM09","Held-out QC CV (%)"
"residual_run_order_gam_mean_deviance",0.123197196298025,"lower",5000,"proportion","","simulation","combat","ComBat","SIM09","Residual GAM deviance"
"batch_weighted_pc_r2_categorical",5.50431403365288e-05,"lower",450,"weighted R-squared","Batch is explicitly categorical.","simulation","combat","ComBat","SIM09","Batch weighted-PC R²"
"truth_metabolite_profile_icc_mean",0.883556686935463,"higher",1000,"ICC(A,1)","","simulation","combat","ComBat","SIM09","Truth metabolite ICC"
"truth_sample_profile_pearson_mean",0.885111168890785,"higher",450,"correlation","","simulation","combat","ComBat","SIM09","Truth sample Pearson"
"heldout_qc_cv_mean",11.3741576870574,"lower",1000,"percent","","simulation","qc_rlsc","QC-RLSC","SIM09","Held-out QC CV (%)"
"residual_run_order_gam_mean_deviance",0.0519647828252762,"lower",5000,"proportion","","simulation","qc_rlsc","QC-RLSC","SIM09","Residual GAM deviance"
"batch_weighted_pc_r2_categorical",0.000105970293533285,"lower",450,"weighted R-squared","Batch is explicitly categorical.","simulation","qc_rlsc","QC-RLSC","SIM09","Batch weighted-PC R²"
"truth_metabolite_profile_icc_mean",0.908843660915559,"higher",1000,"ICC(A,1)","","simulation","qc_rlsc","QC-RLSC","SIM09","Truth metabolite ICC"
"truth_sample_profile_pearson_mean",0.909375377160721,"higher",450,"correlation","","simulation","qc_rlsc","QC-RLSC","SIM09","Truth sample Pearson"
"heldout_qc_cv_mean",13.7477848350727,"lower",1000,"percent","","simulation","qc_rfsc","QC-RFSC","SIM09","Held-out QC CV (%)"
"residual_run_order_gam_mean_deviance",0.116846235550947,"lower",5000,"proportion","","simulation","qc_rfsc","QC-RFSC","SIM09","Residual GAM deviance"
"batch_weighted_pc_r2_categorical",0.154638709439848,"lower",450,"weighted R-squared","Batch is explicitly categorical.","simulation","qc_rfsc","QC-RFSC","SIM09","Batch weighted-PC R²"
"truth_metabolite_profile_icc_mean",0.697053028476662,"higher",1000,"ICC(A,1)","","simulation","qc_rfsc","QC-RFSC","SIM09","Truth metabolite ICC"
"truth_sample_profile_pearson_mean",0.658086244650495,"higher",450,"correlation","","simulation","qc_rfsc","QC-RFSC","SIM09","Truth sample Pearson"
"heldout_qc_cv_mean",9.6832002731165,"lower",1000,"percent","","simulation","tiger","TIGER","SIM09","Held-out QC CV (%)"
"residual_run_order_gam_mean_deviance",0.0828678015267214,"lower",5000,"proportion","","simulation","tiger","TIGER","SIM09","Residual GAM deviance"
"batch_weighted_pc_r2_categorical",0.0656788498520708,"lower",450,"weighted R-squared","Batch is explicitly categorical.","simulation","tiger","TIGER","SIM09","Batch weighted-PC R²"
"truth_metabolite_profile_icc_mean",0.874766776080147,"higher",1000,"ICC(A,1)","","simulation","tiger","TIGER","SIM09","Truth metabolite ICC"
"truth_sample_profile_pearson_mean",0.852305535627995,"higher",450,"correlation","","simulation","tiger","TIGER","SIM09","Truth sample Pearson"
"heldout_qc_cv_mean",13.1099223455663,"lower",1000,"percent","","simulation","serrf","SERRF","SIM09","Held-out QC CV (%)"
"residual_run_order_gam_mean_deviance",0.0936605586391257,"lower",5000,"proportion","","simulation","serrf","SERRF","SIM09","Residual GAM deviance"
"batch_weighted_pc_r2_categorical",0.000730911832172699,"lower",450,"weighted R-squared","Batch is explicitly categorical.","simulation","serrf","SERRF","SIM09","Batch weighted-PC R²"
"truth_metabolite_profile_icc_mean",0.892957159404076,"higher",1000,"ICC(A,1)","","simulation","serrf","SERRF","SIM09","Truth metabolite ICC"
"truth_sample_profile_pearson_mean",0.883839958239146,"higher",450,"correlation","","simulation","serrf","SERRF","SIM09","Truth sample Pearson"
"heldout_qc_cv_mean",8.92798835945485,"lower",1000,"percent","","simulation","winn_auto_qc","WiNN auto (QC)","SIM09","Held-out QC CV (%)"
"residual_run_order_gam_mean_deviance",0.0203113998884968,"lower",5000,"proportion","","simulation","winn_auto_qc","WiNN auto (QC)","SIM09","Residual GAM deviance"
"batch_weighted_pc_r2_categorical",0.00101411888738062,"lower",450,"weighted R-squared","Batch is explicitly categorical.","simulation","winn_auto_qc","WiNN auto (QC)","SIM09","Batch weighted-PC R²"
"truth_metabolite_profile_icc_mean",0.923034048187937,"higher",1000,"ICC(A,1)","","simulation","winn_auto_qc","WiNN auto (QC)","SIM09","Truth metabolite ICC"
"truth_sample_profile_pearson_mean",0.926032456275927,"higher",450,"correlation","","simulation","winn_auto_qc","WiNN auto (QC)","SIM09","Truth sample Pearson"
"heldout_qc_cv_mean",16.6086388897525,"lower",1000,"percent","","simulation","winn_auto_batch_qc","WiNN auto-batch (QC)","SIM09","Held-out QC CV (%)"
"residual_run_order_gam_mean_deviance",0.141350014305478,"lower",5000,"proportion","","simulation","winn_auto_batch_qc","WiNN auto-batch (QC)","SIM09","Residual GAM deviance"
"batch_weighted_pc_r2_categorical",0.239558402511951,"lower",450,"weighted R-squared","Batch is explicitly categorical.","simulation","winn_auto_batch_qc","WiNN auto-batch (QC)","SIM09","Batch weighted-PC R²"
"truth_metabolite_profile_icc_mean",0.851418245918802,"higher",1000,"ICC(A,1)","","simulation","winn_auto_batch_qc","WiNN auto-batch (QC)","SIM09","Truth metabolite ICC"
"truth_sample_profile_pearson_mean",0.861635792310892,"higher",450,"correlation","","simulation","winn_auto_batch_qc","WiNN auto-batch (QC)","SIM09","Truth sample Pearson"
"heldout_qc_cv_mean",8.92079821189521,"lower",1000,"percent","","simulation","winn_fixed_no_qc","WiNN fixed default (no QC)","SIM09","Held-out QC CV (%)"
"residual_run_order_gam_mean_deviance",0.021732341523898,"lower",5000,"proportion","","simulation","winn_fixed_no_qc","WiNN fixed default (no QC)","SIM09","Residual GAM deviance"
"batch_weighted_pc_r2_categorical",0.000902407349282164,"lower",450,"weighted R-squared","Batch is explicitly categorical.","simulation","winn_fixed_no_qc","WiNN fixed default (no QC)","SIM09","Batch weighted-PC R²"
"truth_metabolite_profile_icc_mean",0.922967580857371,"higher",1000,"ICC(A,1)","","simulation","winn_fixed_no_qc","WiNN fixed default (no QC)","SIM09","Truth metabolite ICC"
"truth_sample_profile_pearson_mean",0.925861688218806,"higher",450,"correlation","","simulation","winn_fixed_no_qc","WiNN fixed default (no QC)","SIM09","Truth sample Pearson"
"heldout_qc_cv_mean",43.4947793580392,"lower",1000,"percent","","simulation","raw","Raw","SIM10","Held-out QC CV (%)"
"residual_run_order_gam_mean_deviance",0.118892897268797,"lower",5000,"proportion","","simulation","raw","Raw","SIM10","Residual GAM deviance"
"batch_weighted_pc_r2_categorical",0.963536734849481,"lower",450,"weighted R-squared","Batch is explicitly categorical.","simulation","raw","Raw","SIM10","Batch weighted-PC R²"
"truth_metabolite_profile_icc_mean",0.599639701154964,"higher",1000,"ICC(A,1)","","simulation","raw","Raw","SIM10","Truth metabolite ICC"
"truth_sample_profile_pearson_mean",0.518310901203034,"higher",450,"correlation","","simulation","raw","Raw","SIM10","Truth sample Pearson"
"heldout_qc_cv_mean",12.9477012640458,"lower",1000,"percent","","simulation","combat","ComBat","SIM10","Held-out QC CV (%)"
"residual_run_order_gam_mean_deviance",0.118898984586409,"lower",5000,"proportion","","simulation","combat","ComBat","SIM10","Residual GAM deviance"
"batch_weighted_pc_r2_categorical",0.000103383405300053,"lower",450,"weighted R-squared","Batch is explicitly categorical.","simulation","combat","ComBat","SIM10","Batch weighted-PC R²"
"truth_metabolite_profile_icc_mean",0.884428349022765,"higher",1000,"ICC(A,1)","","simulation","combat","ComBat","SIM10","Truth metabolite ICC"
"truth_sample_profile_pearson_mean",0.882221072755117,"higher",450,"correlation","","simulation","combat","ComBat","SIM10","Truth sample Pearson"
"heldout_qc_cv_mean",11.2314052547463,"lower",1000,"percent","","simulation","qc_rlsc","QC-RLSC","SIM10","Held-out QC CV (%)"
"residual_run_order_gam_mean_deviance",0.0544108260161873,"lower",5000,"proportion","","simulation","qc_rlsc","QC-RLSC","SIM10","Residual GAM deviance"
"batch_weighted_pc_r2_categorical",0.000171399812960715,"lower",450,"weighted R-squared","Batch is explicitly categorical.","simulation","qc_rlsc","QC-RLSC","SIM10","Batch weighted-PC R²"
"truth_metabolite_profile_icc_mean",0.905351352238728,"higher",1000,"ICC(A,1)","","simulation","qc_rlsc","QC-RLSC","SIM10","Truth metabolite ICC"
"truth_sample_profile_pearson_mean",0.902054567146382,"higher",450,"correlation","","simulation","qc_rlsc","QC-RLSC","SIM10","Truth sample Pearson"
"heldout_qc_cv_mean",14.3914721086863,"lower",1000,"percent","","simulation","qc_rfsc","QC-RFSC","SIM10","Held-out QC CV (%)"
"residual_run_order_gam_mean_deviance",0.126466638376322,"lower",5000,"proportion","","simulation","qc_rfsc","QC-RFSC","SIM10","Residual GAM deviance"
"batch_weighted_pc_r2_categorical",0.141897383555201,"lower",450,"weighted R-squared","Batch is explicitly categorical.","simulation","qc_rfsc","QC-RFSC","SIM10","Batch weighted-PC R²"
"truth_metabolite_profile_icc_mean",0.683710451851543,"higher",1000,"ICC(A,1)","","simulation","qc_rfsc","QC-RFSC","SIM10","Truth metabolite ICC"
"truth_sample_profile_pearson_mean",0.655220644525526,"higher",450,"correlation","","simulation","qc_rfsc","QC-RFSC","SIM10","Truth sample Pearson"
"heldout_qc_cv_mean",9.89338916040737,"lower",1000,"percent","","simulation","tiger","TIGER","SIM10","Held-out QC CV (%)"
"residual_run_order_gam_mean_deviance",0.0816057715702357,"lower",5000,"proportion","","simulation","tiger","TIGER","SIM10","Residual GAM deviance"
"batch_weighted_pc_r2_categorical",0.0768837008796373,"lower",450,"weighted R-squared","Batch is explicitly categorical.","simulation","tiger","TIGER","SIM10","Batch weighted-PC R²"
"truth_metabolite_profile_icc_mean",0.871283304882971,"higher",1000,"ICC(A,1)","","simulation","tiger","TIGER","SIM10","Truth metabolite ICC"
"truth_sample_profile_pearson_mean",0.84524250694956,"higher",450,"correlation","","simulation","tiger","TIGER","SIM10","Truth sample Pearson"
"heldout_qc_cv_mean",13.159246754266,"lower",1000,"percent","","simulation","serrf","SERRF","SIM10","Held-out QC CV (%)"
"residual_run_order_gam_mean_deviance",0.0944429041905023,"lower",5000,"proportion","","simulation","serrf","SERRF","SIM10","Residual GAM deviance"
"batch_weighted_pc_r2_categorical",0.0014073645621769,"lower",450,"weighted R-squared","Batch is explicitly categorical.","simulation","serrf","SERRF","SIM10","Batch weighted-PC R²"
"truth_metabolite_profile_icc_mean",0.88760256014335,"higher",1000,"ICC(A,1)","","simulation","serrf","SERRF","SIM10","Truth metabolite ICC"
"truth_sample_profile_pearson_mean",0.871615854957594,"higher",450,"correlation","","simulation","serrf","SERRF","SIM10","Truth sample Pearson"
"heldout_qc_cv_mean",8.58690999549585,"lower",1000,"percent","","simulation","winn_auto_qc","WiNN auto (QC)","SIM10","Held-out QC CV (%)"
"residual_run_order_gam_mean_deviance",0.0211965920544952,"lower",5000,"proportion","","simulation","winn_auto_qc","WiNN auto (QC)","SIM10","Residual GAM deviance"
"batch_weighted_pc_r2_categorical",0.000995718819299806,"lower",450,"weighted R-squared","Batch is explicitly categorical.","simulation","winn_auto_qc","WiNN auto (QC)","SIM10","Batch weighted-PC R²"
"truth_metabolite_profile_icc_mean",0.921570533457829,"higher",1000,"ICC(A,1)","","simulation","winn_auto_qc","WiNN auto (QC)","SIM10","Truth metabolite ICC"
"truth_sample_profile_pearson_mean",0.923333019175545,"higher",450,"correlation","","simulation","winn_auto_qc","WiNN auto (QC)","SIM10","Truth sample Pearson"
"heldout_qc_cv_mean",15.0992005568606,"lower",1000,"percent","","simulation","winn_auto_batch_qc","WiNN auto-batch (QC)","SIM10","Held-out QC CV (%)"
"residual_run_order_gam_mean_deviance",0.0945585532284454,"lower",5000,"proportion","","simulation","winn_auto_batch_qc","WiNN auto-batch (QC)","SIM10","Residual GAM deviance"
"batch_weighted_pc_r2_categorical",0.188404881010858,"lower",450,"weighted R-squared","Batch is explicitly categorical.","simulation","winn_auto_batch_qc","WiNN auto-batch (QC)","SIM10","Batch weighted-PC R²"
"truth_metabolite_profile_icc_mean",0.877247057266231,"higher",1000,"ICC(A,1)","","simulation","winn_auto_batch_qc","WiNN auto-batch (QC)","SIM10","Truth metabolite ICC"
"truth_sample_profile_pearson_mean",0.884509406614691,"higher",450,"correlation","","simulation","winn_auto_batch_qc","WiNN auto-batch (QC)","SIM10","Truth sample Pearson"
"heldout_qc_cv_mean",8.59818697652455,"lower",1000,"percent","","simulation","winn_fixed_no_qc","WiNN fixed default (no QC)","SIM10","Held-out QC CV (%)"
"residual_run_order_gam_mean_deviance",0.0211804258097233,"lower",5000,"proportion","","simulation","winn_fixed_no_qc","WiNN fixed default (no QC)","SIM10","Residual GAM deviance"
"batch_weighted_pc_r2_categorical",0.000840388378239783,"lower",450,"weighted R-squared","Batch is explicitly categorical.","simulation","winn_fixed_no_qc","WiNN fixed default (no QC)","SIM10","Batch weighted-PC R²"
"truth_metabolite_profile_icc_mean",0.921576184032884,"higher",1000,"ICC(A,1)","","simulation","winn_fixed_no_qc","WiNN fixed default (no QC)","SIM10","Truth metabolite ICC"
"truth_sample_profile_pearson_mean",0.923249576387873,"higher",450,"correlation","","simulation","winn_fixed_no_qc","WiNN fixed default (no QC)","SIM10","Truth sample Pearson"
