"seed_id","confounding_type","level","scenario_id","method_id","task_id","status"
"CONF01","none",0,"CONF01_none_0p00","winn_fixed_no_qc","CONF_001","planned"
"CONF02","none",0,"CONF02_none_0p00","winn_fixed_no_qc","CONF_002","planned"
"CONF03","none",0,"CONF03_none_0p00","winn_fixed_no_qc","CONF_003","planned"
"CONF04","none",0,"CONF04_none_0p00","winn_fixed_no_qc","CONF_004","planned"
"CONF05","none",0,"CONF05_none_0p00","winn_fixed_no_qc","CONF_005","planned"
"CONF06","none",0,"CONF06_none_0p00","winn_fixed_no_qc","CONF_006","planned"
"CONF07","none",0,"CONF07_none_0p00","winn_fixed_no_qc","CONF_007","planned"
"CONF08","none",0,"CONF08_none_0p00","winn_fixed_no_qc","CONF_008","planned"
"CONF09","none",0,"CONF09_none_0p00","winn_fixed_no_qc","CONF_009","planned"
"CONF10","none",0,"CONF10_none_0p00","winn_fixed_no_qc","CONF_010","planned"
"CONF01","batch",0.25,"CONF01_batch_0p25","winn_fixed_no_qc","CONF_011","planned"
"CONF02","batch",0.25,"CONF02_batch_0p25","winn_fixed_no_qc","CONF_012","planned"
"CONF03","batch",0.25,"CONF03_batch_0p25","winn_fixed_no_qc","CONF_013","planned"
"CONF04","batch",0.25,"CONF04_batch_0p25","winn_fixed_no_qc","CONF_014","planned"
"CONF05","batch",0.25,"CONF05_batch_0p25","winn_fixed_no_qc","CONF_015","planned"
"CONF06","batch",0.25,"CONF06_batch_0p25","winn_fixed_no_qc","CONF_016","planned"
"CONF07","batch",0.25,"CONF07_batch_0p25","winn_fixed_no_qc","CONF_017","planned"
"CONF08","batch",0.25,"CONF08_batch_0p25","winn_fixed_no_qc","CONF_018","planned"
"CONF09","batch",0.25,"CONF09_batch_0p25","winn_fixed_no_qc","CONF_019","planned"
"CONF10","batch",0.25,"CONF10_batch_0p25","winn_fixed_no_qc","CONF_020","planned"
"CONF01","run_order",0.25,"CONF01_run_order_0p25","winn_fixed_no_qc","CONF_021","planned"
"CONF02","run_order",0.25,"CONF02_run_order_0p25","winn_fixed_no_qc","CONF_022","planned"
"CONF03","run_order",0.25,"CONF03_run_order_0p25","winn_fixed_no_qc","CONF_023","planned"
"CONF04","run_order",0.25,"CONF04_run_order_0p25","winn_fixed_no_qc","CONF_024","planned"
"CONF05","run_order",0.25,"CONF05_run_order_0p25","winn_fixed_no_qc","CONF_025","planned"
"CONF06","run_order",0.25,"CONF06_run_order_0p25","winn_fixed_no_qc","CONF_026","planned"
"CONF07","run_order",0.25,"CONF07_run_order_0p25","winn_fixed_no_qc","CONF_027","planned"
"CONF08","run_order",0.25,"CONF08_run_order_0p25","winn_fixed_no_qc","CONF_028","planned"
"CONF09","run_order",0.25,"CONF09_run_order_0p25","winn_fixed_no_qc","CONF_029","planned"
"CONF10","run_order",0.25,"CONF10_run_order_0p25","winn_fixed_no_qc","CONF_030","planned"
"CONF01","joint",0.25,"CONF01_joint_0p25","winn_fixed_no_qc","CONF_031","planned"
"CONF02","joint",0.25,"CONF02_joint_0p25","winn_fixed_no_qc","CONF_032","planned"
"CONF03","joint",0.25,"CONF03_joint_0p25","winn_fixed_no_qc","CONF_033","planned"
"CONF04","joint",0.25,"CONF04_joint_0p25","winn_fixed_no_qc","CONF_034","planned"
"CONF05","joint",0.25,"CONF05_joint_0p25","winn_fixed_no_qc","CONF_035","planned"
"CONF06","joint",0.25,"CONF06_joint_0p25","winn_fixed_no_qc","CONF_036","planned"
"CONF07","joint",0.25,"CONF07_joint_0p25","winn_fixed_no_qc","CONF_037","planned"
"CONF08","joint",0.25,"CONF08_joint_0p25","winn_fixed_no_qc","CONF_038","planned"
"CONF09","joint",0.25,"CONF09_joint_0p25","winn_fixed_no_qc","CONF_039","planned"
"CONF10","joint",0.25,"CONF10_joint_0p25","winn_fixed_no_qc","CONF_040","planned"
"CONF01","batch",0.5,"CONF01_batch_0p50","winn_fixed_no_qc","CONF_041","planned"
"CONF02","batch",0.5,"CONF02_batch_0p50","winn_fixed_no_qc","CONF_042","planned"
"CONF03","batch",0.5,"CONF03_batch_0p50","winn_fixed_no_qc","CONF_043","planned"
"CONF04","batch",0.5,"CONF04_batch_0p50","winn_fixed_no_qc","CONF_044","planned"
"CONF05","batch",0.5,"CONF05_batch_0p50","winn_fixed_no_qc","CONF_045","planned"
"CONF06","batch",0.5,"CONF06_batch_0p50","winn_fixed_no_qc","CONF_046","planned"
"CONF07","batch",0.5,"CONF07_batch_0p50","winn_fixed_no_qc","CONF_047","planned"
"CONF08","batch",0.5,"CONF08_batch_0p50","winn_fixed_no_qc","CONF_048","planned"
"CONF09","batch",0.5,"CONF09_batch_0p50","winn_fixed_no_qc","CONF_049","planned"
"CONF10","batch",0.5,"CONF10_batch_0p50","winn_fixed_no_qc","CONF_050","planned"
"CONF01","run_order",0.5,"CONF01_run_order_0p50","winn_fixed_no_qc","CONF_051","planned"
"CONF02","run_order",0.5,"CONF02_run_order_0p50","winn_fixed_no_qc","CONF_052","planned"
"CONF03","run_order",0.5,"CONF03_run_order_0p50","winn_fixed_no_qc","CONF_053","planned"
"CONF04","run_order",0.5,"CONF04_run_order_0p50","winn_fixed_no_qc","CONF_054","planned"
"CONF05","run_order",0.5,"CONF05_run_order_0p50","winn_fixed_no_qc","CONF_055","planned"
"CONF06","run_order",0.5,"CONF06_run_order_0p50","winn_fixed_no_qc","CONF_056","planned"
"CONF07","run_order",0.5,"CONF07_run_order_0p50","winn_fixed_no_qc","CONF_057","planned"
"CONF08","run_order",0.5,"CONF08_run_order_0p50","winn_fixed_no_qc","CONF_058","planned"
"CONF09","run_order",0.5,"CONF09_run_order_0p50","winn_fixed_no_qc","CONF_059","planned"
"CONF10","run_order",0.5,"CONF10_run_order_0p50","winn_fixed_no_qc","CONF_060","planned"
"CONF01","joint",0.5,"CONF01_joint_0p50","winn_fixed_no_qc","CONF_061","planned"
"CONF02","joint",0.5,"CONF02_joint_0p50","winn_fixed_no_qc","CONF_062","planned"
"CONF03","joint",0.5,"CONF03_joint_0p50","winn_fixed_no_qc","CONF_063","planned"
"CONF04","joint",0.5,"CONF04_joint_0p50","winn_fixed_no_qc","CONF_064","planned"
"CONF05","joint",0.5,"CONF05_joint_0p50","winn_fixed_no_qc","CONF_065","planned"
"CONF06","joint",0.5,"CONF06_joint_0p50","winn_fixed_no_qc","CONF_066","planned"
"CONF07","joint",0.5,"CONF07_joint_0p50","winn_fixed_no_qc","CONF_067","planned"
"CONF08","joint",0.5,"CONF08_joint_0p50","winn_fixed_no_qc","CONF_068","planned"
"CONF09","joint",0.5,"CONF09_joint_0p50","winn_fixed_no_qc","CONF_069","planned"
"CONF10","joint",0.5,"CONF10_joint_0p50","winn_fixed_no_qc","CONF_070","planned"
"CONF01","batch",0.75,"CONF01_batch_0p75","winn_fixed_no_qc","CONF_071","planned"
"CONF02","batch",0.75,"CONF02_batch_0p75","winn_fixed_no_qc","CONF_072","planned"
"CONF03","batch",0.75,"CONF03_batch_0p75","winn_fixed_no_qc","CONF_073","planned"
"CONF04","batch",0.75,"CONF04_batch_0p75","winn_fixed_no_qc","CONF_074","planned"
"CONF05","batch",0.75,"CONF05_batch_0p75","winn_fixed_no_qc","CONF_075","planned"
"CONF06","batch",0.75,"CONF06_batch_0p75","winn_fixed_no_qc","CONF_076","planned"
"CONF07","batch",0.75,"CONF07_batch_0p75","winn_fixed_no_qc","CONF_077","planned"
"CONF08","batch",0.75,"CONF08_batch_0p75","winn_fixed_no_qc","CONF_078","planned"
"CONF09","batch",0.75,"CONF09_batch_0p75","winn_fixed_no_qc","CONF_079","planned"
"CONF10","batch",0.75,"CONF10_batch_0p75","winn_fixed_no_qc","CONF_080","planned"
"CONF01","run_order",0.75,"CONF01_run_order_0p75","winn_fixed_no_qc","CONF_081","planned"
"CONF02","run_order",0.75,"CONF02_run_order_0p75","winn_fixed_no_qc","CONF_082","planned"
"CONF03","run_order",0.75,"CONF03_run_order_0p75","winn_fixed_no_qc","CONF_083","planned"
"CONF04","run_order",0.75,"CONF04_run_order_0p75","winn_fixed_no_qc","CONF_084","planned"
"CONF05","run_order",0.75,"CONF05_run_order_0p75","winn_fixed_no_qc","CONF_085","planned"
"CONF06","run_order",0.75,"CONF06_run_order_0p75","winn_fixed_no_qc","CONF_086","planned"
"CONF07","run_order",0.75,"CONF07_run_order_0p75","winn_fixed_no_qc","CONF_087","planned"
"CONF08","run_order",0.75,"CONF08_run_order_0p75","winn_fixed_no_qc","CONF_088","planned"
"CONF09","run_order",0.75,"CONF09_run_order_0p75","winn_fixed_no_qc","CONF_089","planned"
"CONF10","run_order",0.75,"CONF10_run_order_0p75","winn_fixed_no_qc","CONF_090","planned"
"CONF01","joint",0.75,"CONF01_joint_0p75","winn_fixed_no_qc","CONF_091","planned"
"CONF02","joint",0.75,"CONF02_joint_0p75","winn_fixed_no_qc","CONF_092","planned"
"CONF03","joint",0.75,"CONF03_joint_0p75","winn_fixed_no_qc","CONF_093","planned"
"CONF04","joint",0.75,"CONF04_joint_0p75","winn_fixed_no_qc","CONF_094","planned"
"CONF05","joint",0.75,"CONF05_joint_0p75","winn_fixed_no_qc","CONF_095","planned"
"CONF06","joint",0.75,"CONF06_joint_0p75","winn_fixed_no_qc","CONF_096","planned"
"CONF07","joint",0.75,"CONF07_joint_0p75","winn_fixed_no_qc","CONF_097","planned"
"CONF08","joint",0.75,"CONF08_joint_0p75","winn_fixed_no_qc","CONF_098","planned"
"CONF09","joint",0.75,"CONF09_joint_0p75","winn_fixed_no_qc","CONF_099","planned"
"CONF10","joint",0.75,"CONF10_joint_0p75","winn_fixed_no_qc","CONF_100","planned"
"CONF01","batch",0.9,"CONF01_batch_0p90","winn_fixed_no_qc","CONF_101","planned"
"CONF02","batch",0.9,"CONF02_batch_0p90","winn_fixed_no_qc","CONF_102","planned"
"CONF03","batch",0.9,"CONF03_batch_0p90","winn_fixed_no_qc","CONF_103","planned"
"CONF04","batch",0.9,"CONF04_batch_0p90","winn_fixed_no_qc","CONF_104","planned"
"CONF05","batch",0.9,"CONF05_batch_0p90","winn_fixed_no_qc","CONF_105","planned"
"CONF06","batch",0.9,"CONF06_batch_0p90","winn_fixed_no_qc","CONF_106","planned"
"CONF07","batch",0.9,"CONF07_batch_0p90","winn_fixed_no_qc","CONF_107","planned"
"CONF08","batch",0.9,"CONF08_batch_0p90","winn_fixed_no_qc","CONF_108","planned"
"CONF09","batch",0.9,"CONF09_batch_0p90","winn_fixed_no_qc","CONF_109","planned"
"CONF10","batch",0.9,"CONF10_batch_0p90","winn_fixed_no_qc","CONF_110","planned"
"CONF01","run_order",0.9,"CONF01_run_order_0p90","winn_fixed_no_qc","CONF_111","planned"
"CONF02","run_order",0.9,"CONF02_run_order_0p90","winn_fixed_no_qc","CONF_112","planned"
"CONF03","run_order",0.9,"CONF03_run_order_0p90","winn_fixed_no_qc","CONF_113","planned"
"CONF04","run_order",0.9,"CONF04_run_order_0p90","winn_fixed_no_qc","CONF_114","planned"
"CONF05","run_order",0.9,"CONF05_run_order_0p90","winn_fixed_no_qc","CONF_115","planned"
"CONF06","run_order",0.9,"CONF06_run_order_0p90","winn_fixed_no_qc","CONF_116","planned"
"CONF07","run_order",0.9,"CONF07_run_order_0p90","winn_fixed_no_qc","CONF_117","planned"
"CONF08","run_order",0.9,"CONF08_run_order_0p90","winn_fixed_no_qc","CONF_118","planned"
"CONF09","run_order",0.9,"CONF09_run_order_0p90","winn_fixed_no_qc","CONF_119","planned"
"CONF10","run_order",0.9,"CONF10_run_order_0p90","winn_fixed_no_qc","CONF_120","planned"
"CONF01","joint",0.9,"CONF01_joint_0p90","winn_fixed_no_qc","CONF_121","planned"
"CONF02","joint",0.9,"CONF02_joint_0p90","winn_fixed_no_qc","CONF_122","planned"
"CONF03","joint",0.9,"CONF03_joint_0p90","winn_fixed_no_qc","CONF_123","planned"
"CONF04","joint",0.9,"CONF04_joint_0p90","winn_fixed_no_qc","CONF_124","planned"
"CONF05","joint",0.9,"CONF05_joint_0p90","winn_fixed_no_qc","CONF_125","planned"
"CONF06","joint",0.9,"CONF06_joint_0p90","winn_fixed_no_qc","CONF_126","planned"
"CONF07","joint",0.9,"CONF07_joint_0p90","winn_fixed_no_qc","CONF_127","planned"
"CONF08","joint",0.9,"CONF08_joint_0p90","winn_fixed_no_qc","CONF_128","planned"
"CONF09","joint",0.9,"CONF09_joint_0p90","winn_fixed_no_qc","CONF_129","planned"
"CONF10","joint",0.9,"CONF10_joint_0p90","winn_fixed_no_qc","CONF_130","planned"
"CONF01","batch",1,"CONF01_batch_1p00","winn_fixed_no_qc","CONF_131","planned"
"CONF02","batch",1,"CONF02_batch_1p00","winn_fixed_no_qc","CONF_132","planned"
"CONF03","batch",1,"CONF03_batch_1p00","winn_fixed_no_qc","CONF_133","planned"
"CONF04","batch",1,"CONF04_batch_1p00","winn_fixed_no_qc","CONF_134","planned"
"CONF05","batch",1,"CONF05_batch_1p00","winn_fixed_no_qc","CONF_135","planned"
"CONF06","batch",1,"CONF06_batch_1p00","winn_fixed_no_qc","CONF_136","planned"
"CONF07","batch",1,"CONF07_batch_1p00","winn_fixed_no_qc","CONF_137","planned"
"CONF08","batch",1,"CONF08_batch_1p00","winn_fixed_no_qc","CONF_138","planned"
"CONF09","batch",1,"CONF09_batch_1p00","winn_fixed_no_qc","CONF_139","planned"
"CONF10","batch",1,"CONF10_batch_1p00","winn_fixed_no_qc","CONF_140","planned"
"CONF01","run_order",1,"CONF01_run_order_1p00","winn_fixed_no_qc","CONF_141","planned"
"CONF02","run_order",1,"CONF02_run_order_1p00","winn_fixed_no_qc","CONF_142","planned"
"CONF03","run_order",1,"CONF03_run_order_1p00","winn_fixed_no_qc","CONF_143","planned"
"CONF04","run_order",1,"CONF04_run_order_1p00","winn_fixed_no_qc","CONF_144","planned"
"CONF05","run_order",1,"CONF05_run_order_1p00","winn_fixed_no_qc","CONF_145","planned"
"CONF06","run_order",1,"CONF06_run_order_1p00","winn_fixed_no_qc","CONF_146","planned"
"CONF07","run_order",1,"CONF07_run_order_1p00","winn_fixed_no_qc","CONF_147","planned"
"CONF08","run_order",1,"CONF08_run_order_1p00","winn_fixed_no_qc","CONF_148","planned"
"CONF09","run_order",1,"CONF09_run_order_1p00","winn_fixed_no_qc","CONF_149","planned"
"CONF10","run_order",1,"CONF10_run_order_1p00","winn_fixed_no_qc","CONF_150","planned"
"CONF01","joint",1,"CONF01_joint_1p00","winn_fixed_no_qc","CONF_151","planned"
"CONF02","joint",1,"CONF02_joint_1p00","winn_fixed_no_qc","CONF_152","planned"
"CONF03","joint",1,"CONF03_joint_1p00","winn_fixed_no_qc","CONF_153","planned"
"CONF04","joint",1,"CONF04_joint_1p00","winn_fixed_no_qc","CONF_154","planned"
"CONF05","joint",1,"CONF05_joint_1p00","winn_fixed_no_qc","CONF_155","planned"
"CONF06","joint",1,"CONF06_joint_1p00","winn_fixed_no_qc","CONF_156","planned"
"CONF07","joint",1,"CONF07_joint_1p00","winn_fixed_no_qc","CONF_157","planned"
"CONF08","joint",1,"CONF08_joint_1p00","winn_fixed_no_qc","CONF_158","planned"
"CONF09","joint",1,"CONF09_joint_1p00","winn_fixed_no_qc","CONF_159","planned"
"CONF10","joint",1,"CONF10_joint_1p00","winn_fixed_no_qc","CONF_160","planned"
