"seed_id","method_id","method","method_order","task_id","decision","output_dir","status","public_reproduction_decision"
"SIM01","raw","Raw",1,"SIM_001","reuse_exact","results/simulation_seeds/SIM01/raw","planned","rerun_required"
"SIM01","combat","ComBat",2,"SIM_002","reuse_exact","results/simulation_seeds/SIM01/combat","planned","rerun_required"
"SIM01","qc_rlsc","QC-RLSC",3,"SIM_003","reuse_exact","results/simulation_seeds/SIM01/qc_rlsc","planned","rerun_required"
"SIM01","qc_rfsc","QC-RFSC",4,"SIM_004","reuse_exact","results/simulation_seeds/SIM01/qc_rfsc","planned","rerun_required"
"SIM01","tiger","TIGER",5,"SIM_005","rerun_required","results/simulation_seeds/SIM01/tiger","planned","rerun_required"
"SIM01","serrf","SERRF",6,"SIM_006","reuse_exact","results/simulation_seeds/SIM01/serrf","planned","rerun_required"
"SIM01","winn_auto_qc","WiNN auto (QC)",7,"SIM_007","rerun_required","results/simulation_seeds/SIM01/winn_auto_qc","planned","rerun_required"
"SIM01","winn_auto_batch_qc","WiNN auto-batch (QC)",8,"SIM_008","rerun_required","results/simulation_seeds/SIM01/winn_auto_batch_qc","planned","rerun_required"
"SIM01","winn_fixed_no_qc","WiNN fixed default (no QC)",9,"SIM_009","rerun_required","results/simulation_seeds/SIM01/winn_fixed_no_qc","planned","rerun_required"
"SIM02","raw","Raw",1,"SIM_010","reuse_exact","results/simulation_seeds/SIM02/raw","planned","rerun_required"
"SIM02","combat","ComBat",2,"SIM_011","reuse_exact","results/simulation_seeds/SIM02/combat","planned","rerun_required"
"SIM02","qc_rlsc","QC-RLSC",3,"SIM_012","reuse_exact","results/simulation_seeds/SIM02/qc_rlsc","planned","rerun_required"
"SIM02","qc_rfsc","QC-RFSC",4,"SIM_013","reuse_exact","results/simulation_seeds/SIM02/qc_rfsc","planned","rerun_required"
"SIM02","tiger","TIGER",5,"SIM_014","rerun_required","results/simulation_seeds/SIM02/tiger","planned","rerun_required"
"SIM02","serrf","SERRF",6,"SIM_015","reuse_exact","results/simulation_seeds/SIM02/serrf","planned","rerun_required"
"SIM02","winn_auto_qc","WiNN auto (QC)",7,"SIM_016","rerun_required","results/simulation_seeds/SIM02/winn_auto_qc","planned","rerun_required"
"SIM02","winn_auto_batch_qc","WiNN auto-batch (QC)",8,"SIM_017","rerun_required","results/simulation_seeds/SIM02/winn_auto_batch_qc","planned","rerun_required"
"SIM02","winn_fixed_no_qc","WiNN fixed default (no QC)",9,"SIM_018","rerun_required","results/simulation_seeds/SIM02/winn_fixed_no_qc","planned","rerun_required"
"SIM03","raw","Raw",1,"SIM_019","reuse_exact","results/simulation_seeds/SIM03/raw","planned","rerun_required"
"SIM03","combat","ComBat",2,"SIM_020","reuse_exact","results/simulation_seeds/SIM03/combat","planned","rerun_required"
"SIM03","qc_rlsc","QC-RLSC",3,"SIM_021","reuse_exact","results/simulation_seeds/SIM03/qc_rlsc","planned","rerun_required"
"SIM03","qc_rfsc","QC-RFSC",4,"SIM_022","reuse_exact","results/simulation_seeds/SIM03/qc_rfsc","planned","rerun_required"
"SIM03","tiger","TIGER",5,"SIM_023","rerun_required","results/simulation_seeds/SIM03/tiger","planned","rerun_required"
"SIM03","serrf","SERRF",6,"SIM_024","reuse_exact","results/simulation_seeds/SIM03/serrf","planned","rerun_required"
"SIM03","winn_auto_qc","WiNN auto (QC)",7,"SIM_025","rerun_required","results/simulation_seeds/SIM03/winn_auto_qc","planned","rerun_required"
"SIM03","winn_auto_batch_qc","WiNN auto-batch (QC)",8,"SIM_026","rerun_required","results/simulation_seeds/SIM03/winn_auto_batch_qc","planned","rerun_required"
"SIM03","winn_fixed_no_qc","WiNN fixed default (no QC)",9,"SIM_027","rerun_required","results/simulation_seeds/SIM03/winn_fixed_no_qc","planned","rerun_required"
"SIM04","raw","Raw",1,"SIM_028","reuse_exact","results/simulation_seeds/SIM04/raw","planned","rerun_required"
"SIM04","combat","ComBat",2,"SIM_029","reuse_exact","results/simulation_seeds/SIM04/combat","planned","rerun_required"
"SIM04","qc_rlsc","QC-RLSC",3,"SIM_030","reuse_exact","results/simulation_seeds/SIM04/qc_rlsc","planned","rerun_required"
"SIM04","qc_rfsc","QC-RFSC",4,"SIM_031","reuse_exact","results/simulation_seeds/SIM04/qc_rfsc","planned","rerun_required"
"SIM04","tiger","TIGER",5,"SIM_032","rerun_required","results/simulation_seeds/SIM04/tiger","planned","rerun_required"
"SIM04","serrf","SERRF",6,"SIM_033","reuse_exact","results/simulation_seeds/SIM04/serrf","planned","rerun_required"
"SIM04","winn_auto_qc","WiNN auto (QC)",7,"SIM_034","rerun_required","results/simulation_seeds/SIM04/winn_auto_qc","planned","rerun_required"
"SIM04","winn_auto_batch_qc","WiNN auto-batch (QC)",8,"SIM_035","rerun_required","results/simulation_seeds/SIM04/winn_auto_batch_qc","planned","rerun_required"
"SIM04","winn_fixed_no_qc","WiNN fixed default (no QC)",9,"SIM_036","rerun_required","results/simulation_seeds/SIM04/winn_fixed_no_qc","planned","rerun_required"
"SIM05","raw","Raw",1,"SIM_037","reuse_exact","results/simulation_seeds/SIM05/raw","planned","rerun_required"
"SIM05","combat","ComBat",2,"SIM_038","reuse_exact","results/simulation_seeds/SIM05/combat","planned","rerun_required"
"SIM05","qc_rlsc","QC-RLSC",3,"SIM_039","reuse_exact","results/simulation_seeds/SIM05/qc_rlsc","planned","rerun_required"
"SIM05","qc_rfsc","QC-RFSC",4,"SIM_040","reuse_exact","results/simulation_seeds/SIM05/qc_rfsc","planned","rerun_required"
"SIM05","tiger","TIGER",5,"SIM_041","rerun_required","results/simulation_seeds/SIM05/tiger","planned","rerun_required"
"SIM05","serrf","SERRF",6,"SIM_042","reuse_exact","results/simulation_seeds/SIM05/serrf","planned","rerun_required"
"SIM05","winn_auto_qc","WiNN auto (QC)",7,"SIM_043","rerun_required","results/simulation_seeds/SIM05/winn_auto_qc","planned","rerun_required"
"SIM05","winn_auto_batch_qc","WiNN auto-batch (QC)",8,"SIM_044","rerun_required","results/simulation_seeds/SIM05/winn_auto_batch_qc","planned","rerun_required"
"SIM05","winn_fixed_no_qc","WiNN fixed default (no QC)",9,"SIM_045","rerun_required","results/simulation_seeds/SIM05/winn_fixed_no_qc","planned","rerun_required"
"SIM06","raw","Raw",1,"SIM_046","reuse_exact","results/simulation_seeds/SIM06/raw","planned","rerun_required"
"SIM06","combat","ComBat",2,"SIM_047","reuse_exact","results/simulation_seeds/SIM06/combat","planned","rerun_required"
"SIM06","qc_rlsc","QC-RLSC",3,"SIM_048","reuse_exact","results/simulation_seeds/SIM06/qc_rlsc","planned","rerun_required"
"SIM06","qc_rfsc","QC-RFSC",4,"SIM_049","reuse_exact","results/simulation_seeds/SIM06/qc_rfsc","planned","rerun_required"
"SIM06","tiger","TIGER",5,"SIM_050","rerun_required","results/simulation_seeds/SIM06/tiger","planned","rerun_required"
"SIM06","serrf","SERRF",6,"SIM_051","reuse_exact","results/simulation_seeds/SIM06/serrf","planned","rerun_required"
"SIM06","winn_auto_qc","WiNN auto (QC)",7,"SIM_052","rerun_required","results/simulation_seeds/SIM06/winn_auto_qc","planned","rerun_required"
"SIM06","winn_auto_batch_qc","WiNN auto-batch (QC)",8,"SIM_053","rerun_required","results/simulation_seeds/SIM06/winn_auto_batch_qc","planned","rerun_required"
"SIM06","winn_fixed_no_qc","WiNN fixed default (no QC)",9,"SIM_054","rerun_required","results/simulation_seeds/SIM06/winn_fixed_no_qc","planned","rerun_required"
"SIM07","raw","Raw",1,"SIM_055","reuse_exact","results/simulation_seeds/SIM07/raw","planned","rerun_required"
"SIM07","combat","ComBat",2,"SIM_056","reuse_exact","results/simulation_seeds/SIM07/combat","planned","rerun_required"
"SIM07","qc_rlsc","QC-RLSC",3,"SIM_057","reuse_exact","results/simulation_seeds/SIM07/qc_rlsc","planned","rerun_required"
"SIM07","qc_rfsc","QC-RFSC",4,"SIM_058","reuse_exact","results/simulation_seeds/SIM07/qc_rfsc","planned","rerun_required"
"SIM07","tiger","TIGER",5,"SIM_059","rerun_required","results/simulation_seeds/SIM07/tiger","planned","rerun_required"
"SIM07","serrf","SERRF",6,"SIM_060","reuse_exact","results/simulation_seeds/SIM07/serrf","planned","rerun_required"
"SIM07","winn_auto_qc","WiNN auto (QC)",7,"SIM_061","rerun_required","results/simulation_seeds/SIM07/winn_auto_qc","planned","rerun_required"
"SIM07","winn_auto_batch_qc","WiNN auto-batch (QC)",8,"SIM_062","rerun_required","results/simulation_seeds/SIM07/winn_auto_batch_qc","planned","rerun_required"
"SIM07","winn_fixed_no_qc","WiNN fixed default (no QC)",9,"SIM_063","rerun_required","results/simulation_seeds/SIM07/winn_fixed_no_qc","planned","rerun_required"
"SIM08","raw","Raw",1,"SIM_064","reuse_exact","results/simulation_seeds/SIM08/raw","planned","rerun_required"
"SIM08","combat","ComBat",2,"SIM_065","reuse_exact","results/simulation_seeds/SIM08/combat","planned","rerun_required"
"SIM08","qc_rlsc","QC-RLSC",3,"SIM_066","reuse_exact","results/simulation_seeds/SIM08/qc_rlsc","planned","rerun_required"
"SIM08","qc_rfsc","QC-RFSC",4,"SIM_067","reuse_exact","results/simulation_seeds/SIM08/qc_rfsc","planned","rerun_required"
"SIM08","tiger","TIGER",5,"SIM_068","rerun_required","results/simulation_seeds/SIM08/tiger","planned","rerun_required"
"SIM08","serrf","SERRF",6,"SIM_069","reuse_exact","results/simulation_seeds/SIM08/serrf","planned","rerun_required"
"SIM08","winn_auto_qc","WiNN auto (QC)",7,"SIM_070","rerun_required","results/simulation_seeds/SIM08/winn_auto_qc","planned","rerun_required"
"SIM08","winn_auto_batch_qc","WiNN auto-batch (QC)",8,"SIM_071","rerun_required","results/simulation_seeds/SIM08/winn_auto_batch_qc","planned","rerun_required"
"SIM08","winn_fixed_no_qc","WiNN fixed default (no QC)",9,"SIM_072","rerun_required","results/simulation_seeds/SIM08/winn_fixed_no_qc","planned","rerun_required"
"SIM09","raw","Raw",1,"SIM_073","reuse_exact","results/simulation_seeds/SIM09/raw","planned","rerun_required"
"SIM09","combat","ComBat",2,"SIM_074","reuse_exact","results/simulation_seeds/SIM09/combat","planned","rerun_required"
"SIM09","qc_rlsc","QC-RLSC",3,"SIM_075","reuse_exact","results/simulation_seeds/SIM09/qc_rlsc","planned","rerun_required"
"SIM09","qc_rfsc","QC-RFSC",4,"SIM_076","reuse_exact","results/simulation_seeds/SIM09/qc_rfsc","planned","rerun_required"
"SIM09","tiger","TIGER",5,"SIM_077","rerun_required","results/simulation_seeds/SIM09/tiger","planned","rerun_required"
"SIM09","serrf","SERRF",6,"SIM_078","reuse_exact","results/simulation_seeds/SIM09/serrf","planned","rerun_required"
"SIM09","winn_auto_qc","WiNN auto (QC)",7,"SIM_079","rerun_required","results/simulation_seeds/SIM09/winn_auto_qc","planned","rerun_required"
"SIM09","winn_auto_batch_qc","WiNN auto-batch (QC)",8,"SIM_080","rerun_required","results/simulation_seeds/SIM09/winn_auto_batch_qc","planned","rerun_required"
"SIM09","winn_fixed_no_qc","WiNN fixed default (no QC)",9,"SIM_081","rerun_required","results/simulation_seeds/SIM09/winn_fixed_no_qc","planned","rerun_required"
"SIM10","raw","Raw",1,"SIM_082","reuse_exact","results/simulation_seeds/SIM10/raw","planned","rerun_required"
"SIM10","combat","ComBat",2,"SIM_083","reuse_exact","results/simulation_seeds/SIM10/combat","planned","rerun_required"
"SIM10","qc_rlsc","QC-RLSC",3,"SIM_084","reuse_exact","results/simulation_seeds/SIM10/qc_rlsc","planned","rerun_required"
"SIM10","qc_rfsc","QC-RFSC",4,"SIM_085","reuse_exact","results/simulation_seeds/SIM10/qc_rfsc","planned","rerun_required"
"SIM10","tiger","TIGER",5,"SIM_086","rerun_required","results/simulation_seeds/SIM10/tiger","planned","rerun_required"
"SIM10","serrf","SERRF",6,"SIM_087","reuse_exact","results/simulation_seeds/SIM10/serrf","planned","rerun_required"
"SIM10","winn_auto_qc","WiNN auto (QC)",7,"SIM_088","rerun_required","results/simulation_seeds/SIM10/winn_auto_qc","planned","rerun_required"
"SIM10","winn_auto_batch_qc","WiNN auto-batch (QC)",8,"SIM_089","rerun_required","results/simulation_seeds/SIM10/winn_auto_batch_qc","planned","rerun_required"
"SIM10","winn_fixed_no_qc","WiNN fixed default (no QC)",9,"SIM_090","rerun_required","results/simulation_seeds/SIM10/winn_fixed_no_qc","planned","rerun_required"
