"task_id","dataset_key","method_id","method","reuse_decision","seed","execution_runtime_sec","reported_method_runtime_sec","runtime_provenance","wall_sec","n_features","n_samples","warning_lines","error_lines","input_object_sha256","output_object_sha256","matrix_file_sha256","conditions_log_sha256","package_version","package_source_sha256","started_at","completed_at"
"PRIMARY_001","simulation","raw","Raw","reuse_exact",2026072601,0.098,0,"no correction",1.3021,1000,500,0,0,"c26a82004d6084e7f28595edacd63ad688e7ff3f8735569e69149e228a3bd295","c26a82004d6084e7f28595edacd63ad688e7ff3f8735569e69149e228a3bd295","b7f8874f4c580d39315a7e082d12bfe4da24f4120e655bcbb00a6730b7d552f1","22be6b55ac2a38b538dc238cdf39e95cd512c93c96921583baf74c76ce3a09fc","0.1.4","71a0964cee2778b2e5789d20621147e074c7945e813cf76af2ceeb696104aae1","2026-07-26T01:49:26+0200","2026-07-26T01:49:27+0200"
"PRIMARY_002","simulation","combat","ComBat","reuse_exact",2026072602,0.109,,"not remeasured; cache retrieval time excluded",11.2812,1000,500,0,0,"c26a82004d6084e7f28595edacd63ad688e7ff3f8735569e69149e228a3bd295","faa1dd88299ceadbd9154729bff4c17c60df1138c12256ee825920b7b29c48c1","ad1f21c006ff4d49f05094a604e14abc082aeab842bb70f51e576934c909f211","22be6b55ac2a38b538dc238cdf39e95cd512c93c96921583baf74c76ce3a09fc","0.1.4","71a0964cee2778b2e5789d20621147e074c7945e813cf76af2ceeb696104aae1","2026-07-26T06:14:02+0200","2026-07-26T06:14:14+0200"
"PRIMARY_003","simulation","qc_rlsc","QC-RLSC","reuse_exact",2026072603,0.071,,"not remeasured; cache retrieval time excluded",0.8546,1000,500,0,0,"c26a82004d6084e7f28595edacd63ad688e7ff3f8735569e69149e228a3bd295","771a19ad0bbbb6a360ac995e5def6be9e998e6949de3ae6b05493cc10fa41bf3","84a5cd3d1a9c35154d07b203b631ff35a420c62dd4cade546e704a47c326b3f9","22be6b55ac2a38b538dc238cdf39e95cd512c93c96921583baf74c76ce3a09fc","0.1.4","71a0964cee2778b2e5789d20621147e074c7945e813cf76af2ceeb696104aae1","2026-07-26T01:55:59+0200","2026-07-26T01:56:00+0200"
"PRIMARY_004","simulation","qc_rfsc","QC-RFSC","reuse_exact",2026072604,0.062,,"not remeasured; cache retrieval time excluded",0.867,1000,500,0,0,"c26a82004d6084e7f28595edacd63ad688e7ff3f8735569e69149e228a3bd295","866b56481006d0d5dd1a57674d3cdcc3810e55dd75272cb82dfc0c49ba5b4b02","f39aab0549dbd9518222d15326686957da5e154973be298c53c543bbef1ccfb2","22be6b55ac2a38b538dc238cdf39e95cd512c93c96921583baf74c76ce3a09fc","0.1.4","71a0964cee2778b2e5789d20621147e074c7945e813cf76af2ceeb696104aae1","2026-07-26T01:55:59+0200","2026-07-26T01:56:00+0200"
"PRIMARY_005","simulation","tiger","TIGER","rerun_required",2026072605,1617.199,1617.199,"measured method execution in frozen release",1617.8881,1000,500,0,0,"c26a82004d6084e7f28595edacd63ad688e7ff3f8735569e69149e228a3bd295","64598ee5bfececa48eeb05cb74f3f5c420c38e5d1b4d47289d1d9085db91b310","c90a28c3125ad3a234834af03b96cc025c5dcbce044fd37dd8aceb60eee99b4a","22be6b55ac2a38b538dc238cdf39e95cd512c93c96921583baf74c76ce3a09fc","0.1.4","71a0964cee2778b2e5789d20621147e074c7945e813cf76af2ceeb696104aae1","2026-07-26T01:55:57+0200","2026-07-26T02:22:54+0200"
"PRIMARY_006","simulation","serrf","SERRF","reuse_exact",2026072606,0.062,,"not remeasured; cache retrieval time excluded",0.8531,1000,500,0,0,"c26a82004d6084e7f28595edacd63ad688e7ff3f8735569e69149e228a3bd295","a278eff367358563d5d79f47879fe4cda3b3c3d781537183ddc85a7246f49106","387211b9c79fcd30c6fd1f7a94de24d6e8df257ed390759cf2fcfbb079b7e4d9","22be6b55ac2a38b538dc238cdf39e95cd512c93c96921583baf74c76ce3a09fc","0.1.4","71a0964cee2778b2e5789d20621147e074c7945e813cf76af2ceeb696104aae1","2026-07-26T01:55:59+0200","2026-07-26T01:56:00+0200"
"PRIMARY_007","simulation","winn_auto_qc","WiNN auto (QC)","rerun_required",2026072607,17.563,17.563,"measured method execution in frozen release",18.322,1000,500,0,0,"c26a82004d6084e7f28595edacd63ad688e7ff3f8735569e69149e228a3bd295","84a4399e846e1492dac75499a4fce9b5b94f339062941426283a5397c3293360","d0a27d27226da1c450efb458e48d208b79966def1b09f55786fd18e6f75641e6","9921b41d3cbde1c021e95077e68dab40043b82e46a40e6afc5f8258bdab40753","0.1.4","71a0964cee2778b2e5789d20621147e074c7945e813cf76af2ceeb696104aae1","2026-07-26T01:55:59+0200","2026-07-26T01:56:17+0200"
"PRIMARY_008","simulation","winn_auto_batch_qc","WiNN auto-batch (QC)","rerun_required",2026072608,21.503,21.503,"measured method execution in frozen release",22.8675,1000,500,0,0,"c26a82004d6084e7f28595edacd63ad688e7ff3f8735569e69149e228a3bd295","fc43dfe0c266ac5da0dec8f651200e17985b419722864689bd317a143b748993","25b3c16736963d2a9600c9c1131b9cacd124dd86b54bdebb58fa152f957d9dc7","a56f7c928dbbf1b83938955f1b6ed56d6bc668b6c0b2ab72fa04c87a421ae622","0.1.4","71a0964cee2778b2e5789d20621147e074c7945e813cf76af2ceeb696104aae1","2026-07-26T01:56:00+0200","2026-07-26T01:56:23+0200"
"PRIMARY_009","simulation","winn_fixed_no_qc","WiNN fixed default (no QC)","rerun_required",2026072609,7.758,7.758,"measured method execution in frozen release",8.6944,1000,500,0,0,"c26a82004d6084e7f28595edacd63ad688e7ff3f8735569e69149e228a3bd295","ad53bbd3cd7e9e33c84e67fb768cc1469c08062136c0f27f55f634bf805cb6ea","ff9b2794175032d5f39f266602f2c34750a75ccf29fb531401a873ed270fe6d5","4bc016d34411e1ed63b9d8b12740f0d0b286aea0cb5cf9d9098f414aea2d72e9","0.1.4","71a0964cee2778b2e5789d20621147e074c7945e813cf76af2ceeb696104aae1","2026-07-26T01:56:00+0200","2026-07-26T01:56:08+0200"
"PRIMARY_010","mtbls79","raw","Raw","reuse_exact",2026072610,0.159,0,"no correction",2.2364,2488,172,0,0,"534b8cb02685f04aeff548208d3127967d756e0203c4c56ee056b445c6b4a408","0e8af677bf210195b3041338663356fd28c1f7e6b29289cfdf10b2974ceb0fe1","c5b5af02e8273def3408554384d38d3c773e92de17c01d7af01de30fd270f8d6","22be6b55ac2a38b538dc238cdf39e95cd512c93c96921583baf74c76ce3a09fc","0.1.4","71a0964cee2778b2e5789d20621147e074c7945e813cf76af2ceeb696104aae1","2026-07-26T01:56:01+0200","2026-07-26T01:56:03+0200"
"PRIMARY_011","mtbls79","combat","ComBat","reuse_exact",2026072611,0.136,,"not remeasured; cache retrieval time excluded",2.1893,2488,172,0,0,"534b8cb02685f04aeff548208d3127967d756e0203c4c56ee056b445c6b4a408","b5d71d5602bab25fa5aea1a2a7aeb6547356ef5c7972f996ce7a060554250653","84c1f3565b8ced299f2b83b41030110f771474686697c2b2fc241eb4d8fa98c6","22be6b55ac2a38b538dc238cdf39e95cd512c93c96921583baf74c76ce3a09fc","0.1.4","71a0964cee2778b2e5789d20621147e074c7945e813cf76af2ceeb696104aae1","2026-07-26T01:55:59+0200","2026-07-26T01:56:01+0200"
"PRIMARY_012","mtbls79","qc_rlsc","QC-RLSC","rerun_required",2026072612,258.677,258.677,"measured method execution in frozen release",260.7352,2488,172,31,0,"534b8cb02685f04aeff548208d3127967d756e0203c4c56ee056b445c6b4a408","baf501ab32d80c73fd0177b2714406fecfed8f3cbdf8d02d340ed425035de533","3a772300eb0537c1a7fb3c366236f3665b8e63b04728b93a1a02c52aed583423","bdc0ed297064d8da1ba059db2164b4a50e7fa6a12cc13d4c1176d3fb5caf52d6","0.1.4","71a0964cee2778b2e5789d20621147e074c7945e813cf76af2ceeb696104aae1","2026-07-26T01:55:59+0200","2026-07-26T02:00:19+0200"
"PRIMARY_013","mtbls79","qc_rfsc","QC-RFSC","rerun_required",2026072613,76.148,76.148,"measured method execution in frozen release",77.9901,2488,172,0,0,"534b8cb02685f04aeff548208d3127967d756e0203c4c56ee056b445c6b4a408","cfc48e1198041437a15b868dba065daf51886b4bcea2a8c9acbcf9e71572cb0c","cb1f3fea15d5e66436f4f436ce1f9eecad3f9f8dce13e7eae7efcbd85885901b","22be6b55ac2a38b538dc238cdf39e95cd512c93c96921583baf74c76ce3a09fc","0.1.4","71a0964cee2778b2e5789d20621147e074c7945e813cf76af2ceeb696104aae1","2026-07-26T02:01:09+0200","2026-07-26T02:02:27+0200"
"PRIMARY_014","mtbls79","tiger","TIGER","rerun_required",2026072614,2969.131,2969.131,"measured method execution in frozen release",2970.7042,2488,172,0,0,"534b8cb02685f04aeff548208d3127967d756e0203c4c56ee056b445c6b4a408","cb08f2cf990b0e8e3cbe8e0a3505a216dbfb2dac945b87b781453fbf88a9f658","aec58cb234f5ace4aed69bb404efc439540245cd60329129df23c3a1a99560cf","22be6b55ac2a38b538dc238cdf39e95cd512c93c96921583baf74c76ce3a09fc","0.1.4","71a0964cee2778b2e5789d20621147e074c7945e813cf76af2ceeb696104aae1","2026-07-26T01:55:57+0200","2026-07-26T02:45:28+0200"
"PRIMARY_015","mtbls79","serrf","SERRF","rerun_required",2026072615,1713.737,1713.737,"measured method execution in frozen release",1715.7851,2488,172,0,0,"534b8cb02685f04aeff548208d3127967d756e0203c4c56ee056b445c6b4a408","4d51558f8bc9e4c7bd6ac676d864546ac6ed49f60d64bff63e5d2e62043bcd48","c626bff7a5ab74e07965b5adee03b9863bafcafa824eb41b461f65693a755cee","22be6b55ac2a38b538dc238cdf39e95cd512c93c96921583baf74c76ce3a09fc","0.1.4","71a0964cee2778b2e5789d20621147e074c7945e813cf76af2ceeb696104aae1","2026-07-26T01:56:00+0200","2026-07-26T02:24:36+0200"
"PRIMARY_016","mtbls79","winn_auto_qc","WiNN auto (QC)","rerun_required",2026072616,16.819,16.819,"measured method execution in frozen release",18.914,2488,172,0,0,"534b8cb02685f04aeff548208d3127967d756e0203c4c56ee056b445c6b4a408","d82a56f0695393fca81fc2bb055c5cb9288e8e83ae75f578602ae4438e6363d6","feff9034416098a78c171ac4c0c2bc01c588b346966e7292eeb9a6a10c99f2dd","e05af31dec1a9005846773e0664849cb6e5789779eccc783a4151bdb125943e4","0.1.4","71a0964cee2778b2e5789d20621147e074c7945e813cf76af2ceeb696104aae1","2026-07-26T01:56:00+0200","2026-07-26T01:56:19+0200"
"PRIMARY_017","mtbls79","winn_auto_batch_qc","WiNN auto-batch (QC)","rerun_required",2026072617,20.851,20.851,"measured method execution in frozen release",22.9122,2488,172,0,0,"534b8cb02685f04aeff548208d3127967d756e0203c4c56ee056b445c6b4a408","312bcc9f9a2762e3a244be9031b2b54dd655479d67e8e7e50c819de19b7e7ada","a5457753eabef798a36f961d43418757252bd22b33fa7f8ae861837065619aab","b412f3b7ce65f5dc160bdce79a5abae165491300d694327c4de09b647d0ae5d0","0.1.4","71a0964cee2778b2e5789d20621147e074c7945e813cf76af2ceeb696104aae1","2026-07-26T01:56:00+0200","2026-07-26T01:56:23+0200"
"PRIMARY_018","mtbls79","winn_fixed_no_qc","WiNN fixed default (no QC)","rerun_required",2026072618,9.034,9.034,"measured method execution in frozen release",11.1214,2488,172,0,0,"534b8cb02685f04aeff548208d3127967d756e0203c4c56ee056b445c6b4a408","dcc55403b69aad35e7d76297d6081db01091849f4f2ea38b0fb8398ce8046ecb","eedea64735fe995dfe82c258ff919a39f3d75e5f8684f2d2755db27ee4951b1c","4bc016d34411e1ed63b9d8b12740f0d0b286aea0cb5cf9d9098f414aea2d72e9","0.1.4","71a0964cee2778b2e5789d20621147e074c7945e813cf76af2ceeb696104aae1","2026-07-26T01:56:00+0200","2026-07-26T01:56:11+0200"
"PRIMARY_019","clinical_fiams","raw","Raw","reuse_exact",2026072619,7.632,0,"no correction",24.8328,1594,660,0,0,"38d77f7fe5f065af7f6b3188c1e5d6f00998327ebba349075e83a226865211cd","bca4831b6b20728481c414abf02ce77ec859f9be84e81762b0058c79f3d7700c","5cd206835e4da5f67baf664bd07709c8518c969823c1072b6800fccfee4c979b","22be6b55ac2a38b538dc238cdf39e95cd512c93c96921583baf74c76ce3a09fc","0.1.4","71a0964cee2778b2e5789d20621147e074c7945e813cf76af2ceeb696104aae1","2026-07-26T01:50:39+0200","2026-07-26T01:51:04+0200"
"PRIMARY_020","clinical_fiams","combat","ComBat","reuse_exact",2026072620,2.074,,"not remeasured; cache retrieval time excluded",5.6203,1594,660,0,0,"38d77f7fe5f065af7f6b3188c1e5d6f00998327ebba349075e83a226865211cd","d05ea6aba3767b216932ac4474067d5b110b8db084acec695e85f925d1159f7a","12a15a13b6d09bc10e4c8f6b2e24f1209ee57626cc5ec55a40a6cb6a41c373e2","22be6b55ac2a38b538dc238cdf39e95cd512c93c96921583baf74c76ce3a09fc","0.1.4","71a0964cee2778b2e5789d20621147e074c7945e813cf76af2ceeb696104aae1","2026-07-26T01:55:58+0200","2026-07-26T01:56:03+0200"
"PRIMARY_021","clinical_fiams","qc_rlsc","QC-RLSC","rerun_required",2026072621,11.498,11.498,"measured method execution in frozen release",15.6405,1594,660,0,0,"38d77f7fe5f065af7f6b3188c1e5d6f00998327ebba349075e83a226865211cd","fdf3b11936c2355a02d4ffd7cdcc3ef54a0487afd885c6a97a3360cf9b77da64","1b53c010c71b31e175d5f7e576ba261c815892521714bc70d43c97c424a9c092","22be6b55ac2a38b538dc238cdf39e95cd512c93c96921583baf74c76ce3a09fc","0.1.4","71a0964cee2778b2e5789d20621147e074c7945e813cf76af2ceeb696104aae1","2026-07-26T01:55:58+0200","2026-07-26T01:56:14+0200"
"PRIMARY_022","clinical_fiams","qc_rfsc","QC-RFSC","rerun_required",2026072622,76.616,76.616,"measured method execution in frozen release",80.3887,1594,660,0,0,"38d77f7fe5f065af7f6b3188c1e5d6f00998327ebba349075e83a226865211cd","e23ff5e6a22ac3f35be4f8229065d8837f01e68ed7e0dc512091e2d77beac75e","77855b41a5e9bb77b17cc3fabf9b304bcdeb290c1c3163e2d3a891466b1b91fb","22be6b55ac2a38b538dc238cdf39e95cd512c93c96921583baf74c76ce3a09fc","0.1.4","71a0964cee2778b2e5789d20621147e074c7945e813cf76af2ceeb696104aae1","2026-07-26T01:55:58+0200","2026-07-26T01:57:19+0200"
"PRIMARY_023","clinical_fiams","tiger","TIGER","rerun_required",2026072623,6002.527,6002.527,"measured method execution in frozen release",6006.0418,1594,660,0,0,"38d77f7fe5f065af7f6b3188c1e5d6f00998327ebba349075e83a226865211cd","276cc168723502c38ee356976b48a3045934f7036f9a4fb17a730afc96dd841d","aebc8b6b3bb4282ceaf382905c7ec4b316c9a3a440c3e6d955e88f21cb2e2d13","22be6b55ac2a38b538dc238cdf39e95cd512c93c96921583baf74c76ce3a09fc","0.1.4","71a0964cee2778b2e5789d20621147e074c7945e813cf76af2ceeb696104aae1","2026-07-26T01:56:00+0200","2026-07-26T03:36:06+0200"
"PRIMARY_024","clinical_fiams","serrf","SERRF","rerun_required",2026072624,953.103,953.103,"measured method execution in frozen release",956.9056,1594,660,0,0,"38d77f7fe5f065af7f6b3188c1e5d6f00998327ebba349075e83a226865211cd","6c7710d47bb59f8e79cd0e38f87c53e20a5085ee665435f868a901c7fe4b9094","9cac3a02b3a3a61cfa1088e96c8573690d8904dd93f1bc0140e9753483333af9","22be6b55ac2a38b538dc238cdf39e95cd512c93c96921583baf74c76ce3a09fc","0.1.4","71a0964cee2778b2e5789d20621147e074c7945e813cf76af2ceeb696104aae1","2026-07-26T01:55:58+0200","2026-07-26T02:11:55+0200"
"PRIMARY_025","clinical_fiams","winn_auto_qc","WiNN auto (QC)","rerun_required",2026072625,28.834,28.834,"measured method execution in frozen release",32.7264,1594,660,0,0,"38d77f7fe5f065af7f6b3188c1e5d6f00998327ebba349075e83a226865211cd","fc693eb0a341500ce970c36e0d6d7ad5447b8a33b54768cee0608d53d2824279","6cf61e0f0c512acc2080f3dd08ae39ae3e0b32d41d232f34c78effc82812f40b","7cc9a71118a6a31e1ffd7f248e1f90fd689468cd6a4eaf97766d90cf44ed677b","0.1.4","71a0964cee2778b2e5789d20621147e074c7945e813cf76af2ceeb696104aae1","2026-07-26T01:55:58+0200","2026-07-26T01:56:31+0200"
"PRIMARY_026","clinical_fiams","winn_auto_batch_qc","WiNN auto-batch (QC)","rerun_required",2026072626,32.663,32.663,"measured method execution in frozen release",36.5,1594,660,0,0,"38d77f7fe5f065af7f6b3188c1e5d6f00998327ebba349075e83a226865211cd","2ca2339cbcd5714840edb16b606643faf317c1ee4e935ed1f26fa920c344121d","d08cde86aed27b6d656dcadf0cbcb78b95451c7c8b2e35808cacb6051cf0143a","2b716c5968ec14c8c2648e31b6f4fc6cb9c44b4a0ce3d5af4a0b272f0ce0a899","0.1.4","71a0964cee2778b2e5789d20621147e074c7945e813cf76af2ceeb696104aae1","2026-07-26T01:55:58+0200","2026-07-26T01:56:35+0200"
"PRIMARY_027","clinical_fiams","winn_fixed_no_qc","WiNN fixed default (no QC)","rerun_required",2026072627,10.922,10.922,"measured method execution in frozen release",14.2235,1594,660,0,0,"38d77f7fe5f065af7f6b3188c1e5d6f00998327ebba349075e83a226865211cd","fbfe1fe5bc13b221323e5a0666ea0eb0809f6fe963f4a2e28239dcfcbff0bf9f","679ec21fe6f6a1167b77e49f002f2714dad3b3db84a20b8c383b694b8ba6ff6e","4bc016d34411e1ed63b9d8b12740f0d0b286aea0cb5cf9d9098f414aea2d72e9","0.1.4","71a0964cee2778b2e5789d20621147e074c7945e813cf76af2ceeb696104aae1","2026-07-26T01:56:00+0200","2026-07-26T01:56:14+0200"
"PRIMARY_028","batchcorr_set1","raw","Raw","reuse_exact",2026072628,0.128,0,"no correction",0.9331,199,761,0,0,"0ce473b2f1b9db0345f2e9235ac86e028235fc01d52506d2fe159616fbb8b09d","805895f3f8824a78339b56671a551ac7412480b664e3dbe08c86328ca1b28425","44174d9bcc30a2b39f86107fd4a722555e3713f458b439cf6274e2c1800040e8","22be6b55ac2a38b538dc238cdf39e95cd512c93c96921583baf74c76ce3a09fc","0.1.4","71a0964cee2778b2e5789d20621147e074c7945e813cf76af2ceeb696104aae1","2026-07-26T01:57:29+0200","2026-07-26T01:57:30+0200"
"PRIMARY_029","batchcorr_set1","combat","ComBat","reuse_exact",2026072629,0.135,,"not remeasured; cache retrieval time excluded",1.0781,199,761,0,0,"0ce473b2f1b9db0345f2e9235ac86e028235fc01d52506d2fe159616fbb8b09d","5072b7cd8d984fe7a473b860ed7c027214745e74627e9d6ba331e901f373da11","bfe6d4a0e13b95bc05c41532d250fb764df9739a22147e58c295d3fca9af14e5","22be6b55ac2a38b538dc238cdf39e95cd512c93c96921583baf74c76ce3a09fc","0.1.4","71a0964cee2778b2e5789d20621147e074c7945e813cf76af2ceeb696104aae1","2026-07-26T01:57:28+0200","2026-07-26T01:57:29+0200"
"PRIMARY_030","batchcorr_set1","qc_rlsc","QC-RLSC","reuse_exact",2026072630,0.137,,"not remeasured; cache retrieval time excluded",1.0754,199,761,0,0,"0ce473b2f1b9db0345f2e9235ac86e028235fc01d52506d2fe159616fbb8b09d","5cda656ce83f1b259364006c58e79a125761c3e85dfd2ce800072249e9762539","c6cd0bde2c94baf770d39723dffe2533c50fef5afe396345de74b0a0eae870f2","22be6b55ac2a38b538dc238cdf39e95cd512c93c96921583baf74c76ce3a09fc","0.1.4","71a0964cee2778b2e5789d20621147e074c7945e813cf76af2ceeb696104aae1","2026-07-26T01:57:28+0200","2026-07-26T01:57:29+0200"
"PRIMARY_031","batchcorr_set1","qc_rfsc","QC-RFSC","rerun_required",2026072631,7.459,7.459,"measured method execution in frozen release",8.281,199,761,0,0,"0ce473b2f1b9db0345f2e9235ac86e028235fc01d52506d2fe159616fbb8b09d","df517d81e46d088e3795da74e69b98608237116872eb31ea9a6ccb9a533105da","1ec40ac7db0a339e290f48fd834635656298efc95c3151ef281428086daf5b78","22be6b55ac2a38b538dc238cdf39e95cd512c93c96921583baf74c76ce3a09fc","0.1.4","71a0964cee2778b2e5789d20621147e074c7945e813cf76af2ceeb696104aae1","2026-07-26T01:57:28+0200","2026-07-26T01:57:36+0200"
"PRIMARY_032","batchcorr_set1","tiger","TIGER","rerun_required",2026072632,399.01,399.01,"measured method execution in frozen release",399.8808,199,761,0,0,"0ce473b2f1b9db0345f2e9235ac86e028235fc01d52506d2fe159616fbb8b09d","c55114722b8651af01c7d3e3fba9916c383910a102e63943f3136e1e88208ed8","3e0b9f66cbcb4569377e71e44d141778cc8654883fbe5e17a2359ae22d4c0959","22be6b55ac2a38b538dc238cdf39e95cd512c93c96921583baf74c76ce3a09fc","0.1.4","71a0964cee2778b2e5789d20621147e074c7945e813cf76af2ceeb696104aae1","2026-07-26T01:56:01+0200","2026-07-26T02:02:41+0200"
"PRIMARY_033","batchcorr_set1","serrf","SERRF","rerun_required",2026072633,117.93,117.93,"measured method execution in frozen release",118.7623,199,761,0,0,"0ce473b2f1b9db0345f2e9235ac86e028235fc01d52506d2fe159616fbb8b09d","57d84e22e73b9e57713dee0b848f9bb924c1257776b7961adfa118a89f934945","4256d0e3a0afa243a807d0eb5a927ea66840735324fc8f4da01c9330a4193bc7","22be6b55ac2a38b538dc238cdf39e95cd512c93c96921583baf74c76ce3a09fc","0.1.4","71a0964cee2778b2e5789d20621147e074c7945e813cf76af2ceeb696104aae1","2026-07-26T01:57:28+0200","2026-07-26T01:59:26+0200"
"PRIMARY_034","batchcorr_set1","winn_auto_qc","WiNN auto (QC)","rerun_required",2026072634,5.721,5.721,"measured method execution in frozen release",6.5911,199,761,0,0,"0ce473b2f1b9db0345f2e9235ac86e028235fc01d52506d2fe159616fbb8b09d","f246de88f8cc570b779df69f6a9c6600d6bf498df1c22608bf24712e1c032e4c","63610f8cc3bed57a7b5e34c79bb5ca7c2cccb7ea7729439af41d082556bf0cd7","828e74b832a972b1940aba3de3b64245643462a2690a2722b224e01a11c047e2","0.1.4","71a0964cee2778b2e5789d20621147e074c7945e813cf76af2ceeb696104aae1","2026-07-26T01:57:28+0200","2026-07-26T01:57:34+0200"
"PRIMARY_035","batchcorr_set1","winn_auto_batch_qc","WiNN auto-batch (QC)","rerun_required",2026072635,6.761,6.761,"measured method execution in frozen release",7.5205,199,761,0,0,"0ce473b2f1b9db0345f2e9235ac86e028235fc01d52506d2fe159616fbb8b09d","a075decaa68d37b69af1c2e57d4944f8c984af580f3b242c381ba9d5f9af4996","907dfd44c6eb11021ff304edab92447cf33ea2fbe3b9261314eb6f41803f3b2f","be69ed81c27b0bf16c378ea44c9595a9fefd708b8ce6ae3b9aca07a4339a727e","0.1.4","71a0964cee2778b2e5789d20621147e074c7945e813cf76af2ceeb696104aae1","2026-07-26T01:57:28+0200","2026-07-26T01:57:35+0200"
"PRIMARY_036","batchcorr_set1","winn_fixed_no_qc","WiNN fixed default (no QC)","rerun_required",2026072636,2.324,2.324,"measured method execution in frozen release",3.3763,199,761,0,0,"0ce473b2f1b9db0345f2e9235ac86e028235fc01d52506d2fe159616fbb8b09d","85b15ea87c4873e4b0caaa7a58aa2cbff800eb635c3dc53938f57f14c9c162f8","b777c257210a79a50eb0cb65dd9caef89f082693dd0d908a314377f7d1c091c6","4bc016d34411e1ed63b9d8b12740f0d0b286aea0cb5cf9d9098f414aea2d72e9","0.1.4","71a0964cee2778b2e5789d20621147e074c7945e813cf76af2ceeb696104aae1","2026-07-26T01:57:30+0200","2026-07-26T01:57:33+0200"
"PRIMARY_037","sacurine","raw","Raw","reuse_exact",2026072637,0.097,0,"no correction",0.8982,113,210,0,0,"f93bc72dbe6c9c9db9855b98e3422db52e54e294a4a89622f644b5176263a58c","08981c6f1d6b06b1d1411ed7b05451e129ee1cb86bbf0f189eeb34b0c0c9e4d8","925c06cd4eecd95e7898227304e313dbeb362f274b565f3651e8f9b20e4d85a8","22be6b55ac2a38b538dc238cdf39e95cd512c93c96921583baf74c76ce3a09fc","0.1.4","71a0964cee2778b2e5789d20621147e074c7945e813cf76af2ceeb696104aae1","2026-07-26T01:57:28+0200","2026-07-26T01:57:29+0200"
"PRIMARY_038","sacurine","combat","ComBat","reuse_exact",2026072638,0.104,,"not remeasured; cache retrieval time excluded",0.9104,113,210,0,0,"f93bc72dbe6c9c9db9855b98e3422db52e54e294a4a89622f644b5176263a58c","29531cc99bd273999b4c2b5651530eadd893695be7e570e3a5edb48c34eb30a9","fcc6c33d4312330adedbf61dec2e8c2517cd999996b476170490ff39f9c40340","22be6b55ac2a38b538dc238cdf39e95cd512c93c96921583baf74c76ce3a09fc","0.1.4","71a0964cee2778b2e5789d20621147e074c7945e813cf76af2ceeb696104aae1","2026-07-26T01:57:28+0200","2026-07-26T01:57:29+0200"
"PRIMARY_039","sacurine","qc_rlsc","QC-RLSC","rerun_required",2026072639,0.278,0.278,"measured method execution in frozen release",0.894,113,210,0,0,"f93bc72dbe6c9c9db9855b98e3422db52e54e294a4a89622f644b5176263a58c","2f68fdf8ead133ce521675c669fef2c2180afa8267fdecac26c201ce4c4e4922","5d837b591fb812824be6090046b1d736d9b9924ba63267f62e467f26f0de9acd","22be6b55ac2a38b538dc238cdf39e95cd512c93c96921583baf74c76ce3a09fc","0.1.4","71a0964cee2778b2e5789d20621147e074c7945e813cf76af2ceeb696104aae1","2026-07-26T01:57:27+0200","2026-07-26T01:57:28+0200"
"PRIMARY_040","sacurine","qc_rfsc","QC-RFSC","rerun_required",2026072640,1.915,1.915,"measured method execution in frozen release",2.5608,113,210,0,0,"f93bc72dbe6c9c9db9855b98e3422db52e54e294a4a89622f644b5176263a58c","b85ea412c93b5591af9ca7ca2656603b2e7e62a0b7bc7401bbaebe380fd2bdff","e941c508cad4282045766c522c295cb86497ffa7df8c30f5e701589c624d6d4b","22be6b55ac2a38b538dc238cdf39e95cd512c93c96921583baf74c76ce3a09fc","0.1.4","71a0964cee2778b2e5789d20621147e074c7945e813cf76af2ceeb696104aae1","2026-07-26T02:01:09+0200","2026-07-26T02:01:12+0200"
"PRIMARY_041","sacurine","tiger","TIGER","rerun_required",2026072641,87.868,87.868,"measured method execution in frozen release",88.5681,113,210,0,0,"f93bc72dbe6c9c9db9855b98e3422db52e54e294a4a89622f644b5176263a58c","0a9bf169885a0d2f2702cad10595bd9d43f85f84131a4147bd1a4c3c0de8d355","2ae75f17bf3bdfaccd1a9d2de2b728dedc38a1d3804b03ed55008d39e5f5b580","22be6b55ac2a38b538dc238cdf39e95cd512c93c96921583baf74c76ce3a09fc","0.1.4","71a0964cee2778b2e5789d20621147e074c7945e813cf76af2ceeb696104aae1","2026-07-26T01:56:01+0200","2026-07-26T01:57:30+0200"
"PRIMARY_042","sacurine","serrf","SERRF","reuse_exact",2026072642,0.099,,"not remeasured; cache retrieval time excluded",0.6871,113,210,0,0,"f93bc72dbe6c9c9db9855b98e3422db52e54e294a4a89622f644b5176263a58c","aee77ee17271fa58c5d6c7f63f6ac715117c744f5153b7733a7692bd85ae0d3b","59aecc3962332439b18c113fbcc48897af4574918ac033e758a247685a476401","22be6b55ac2a38b538dc238cdf39e95cd512c93c96921583baf74c76ce3a09fc","0.1.4","71a0964cee2778b2e5789d20621147e074c7945e813cf76af2ceeb696104aae1","2026-07-26T01:57:28+0200","2026-07-26T01:57:28+0200"
"PRIMARY_043","sacurine","winn_auto_qc","WiNN auto (QC)","rerun_required",2026072643,0.938,0.938,"measured method execution in frozen release",1.5456,113,210,0,0,"f93bc72dbe6c9c9db9855b98e3422db52e54e294a4a89622f644b5176263a58c","eb3e3644bd7eb61f1b8676410b0f5394a610357aa7c83ccd8476adb040db3719","5d1a1a787ca69848e93e567c5a6e4d1fea393349c1e6cc5675441fac88f093fd","9a63b45ae5975b496b87bb2d059ad984524e4a644982c8d8d789c7d5d490a9fa","0.1.4","71a0964cee2778b2e5789d20621147e074c7945e813cf76af2ceeb696104aae1","2026-07-26T01:57:28+0200","2026-07-26T01:57:29+0200"
"PRIMARY_044","sacurine","winn_auto_batch_qc","WiNN auto-batch (QC)","rerun_required",2026072644,1.243,1.243,"measured method execution in frozen release",1.9034,113,210,0,0,"f93bc72dbe6c9c9db9855b98e3422db52e54e294a4a89622f644b5176263a58c","6204f30c5c4342ed8297694917a9f7f919a9e0a86d4a133caea9ff1ba3d489fb","04fb549570695c9bb61e16d3c863fe378bf15f8e6aade69ae7cd697a67279b64","26b5a3b04cc07554025f837870798ec703800d3a2152fa202236c89f71286257","0.1.4","71a0964cee2778b2e5789d20621147e074c7945e813cf76af2ceeb696104aae1","2026-07-26T01:57:27+0200","2026-07-26T01:57:29+0200"
"PRIMARY_045","sacurine","winn_fixed_no_qc","WiNN fixed default (no QC)","rerun_required",2026072645,3.296,3.296,"measured method execution in frozen release",9.7879,113,210,0,0,"f93bc72dbe6c9c9db9855b98e3422db52e54e294a4a89622f644b5176263a58c","a93a280b12d37fd7d99d1e1486087cb841b91de5442976c3dd6656fa9927d384","585209fe22ebbefbff73ea0d8ea761894f580bbed24e52c76b48df744ada1ad2","4bc016d34411e1ed63b9d8b12740f0d0b286aea0cb5cf9d9098f414aea2d72e9","0.1.4","71a0964cee2778b2e5789d20621147e074c7945e813cf76af2ceeb696104aae1","2026-07-26T01:50:39+0200","2026-07-26T01:50:49+0200"
"PRIMARY_046","waveica","raw","Raw","reuse_exact",2026072646,1.496,0,"no correction",7.6962,6461,642,0,0,"fd78ee44fe9e3844589bd2586133bc2685432b135026875a98cf8b621909a47f","c6d45613dc7f0968cfdadee6bea8d6c0af9bd2ad6c759d76931c9728e5cdec5b","5afe89f7f0238ebe928bce3bab6a1cf81e70d3694fe4d09209090b090967c05d","22be6b55ac2a38b538dc238cdf39e95cd512c93c96921583baf74c76ce3a09fc","0.1.4","71a0964cee2778b2e5789d20621147e074c7945e813cf76af2ceeb696104aae1","2026-07-26T01:57:29+0200","2026-07-26T01:57:36+0200"
"PRIMARY_047","waveica","combat","ComBat","reuse_exact",2026072647,2.163,,"not remeasured; cache retrieval time excluded",8.5759,6461,642,0,0,"fd78ee44fe9e3844589bd2586133bc2685432b135026875a98cf8b621909a47f","5d285487b9c0e57e2802dd45267f32d283740d7ee5dd576b7d87dcf96c2224a1","9e3ee509c3c3b44b5afac85714002593c6a8b5ceb419b57e5ca89d1c2238a800","22be6b55ac2a38b538dc238cdf39e95cd512c93c96921583baf74c76ce3a09fc","0.1.4","71a0964cee2778b2e5789d20621147e074c7945e813cf76af2ceeb696104aae1","2026-07-26T01:57:29+0200","2026-07-26T01:57:37+0200"
"PRIMARY_048","waveica","qc_rlsc","QC-RLSC","rerun_required",2026072648,22.035,22.035,"measured method execution in frozen release",28.0083,6461,642,0,0,"fd78ee44fe9e3844589bd2586133bc2685432b135026875a98cf8b621909a47f","5504909e38ba0a68d68c43fd44bdb2854faeb8430579f6a50b2916c08e698cdf","39ea76b292b393dc06ac9e1d160971a02eca80195261d364e987d75667bd70d6","22be6b55ac2a38b538dc238cdf39e95cd512c93c96921583baf74c76ce3a09fc","0.1.4","71a0964cee2778b2e5789d20621147e074c7945e813cf76af2ceeb696104aae1","2026-07-26T01:57:29+0200","2026-07-26T01:57:57+0200"
"PRIMARY_049","waveica","qc_rfsc","QC-RFSC","rerun_required",2026072649,537.756,537.756,"measured method execution in frozen release",544.9344,6461,642,0,0,"fd78ee44fe9e3844589bd2586133bc2685432b135026875a98cf8b621909a47f","e6a96f182a1957fa375c4311aa9e89c2a6268e2020c71186f141f8daf04eb6bd","7f4f6f897fb222451a50f3342ea9137133f441daab960cf8122bd5bd9fd2a3ed","22be6b55ac2a38b538dc238cdf39e95cd512c93c96921583baf74c76ce3a09fc","0.1.4","71a0964cee2778b2e5789d20621147e074c7945e813cf76af2ceeb696104aae1","2026-07-26T01:57:31+0200","2026-07-26T02:06:36+0200"
"PRIMARY_050","waveica","tiger","TIGER","rerun_required",2026072650,14426.045,14426.045,"measured method execution in frozen release",14432.7665,6461,642,0,0,"fd78ee44fe9e3844589bd2586133bc2685432b135026875a98cf8b621909a47f","ef8a592c9d6408f4469b8e7d524d251c24fd6ceade77d1b1fe1937f1a4ae7219","3111696dd2142c0c526255eab5ce509acc8c35b112f928d652bbf142d28dbeda","22be6b55ac2a38b538dc238cdf39e95cd512c93c96921583baf74c76ce3a09fc","0.1.4","71a0964cee2778b2e5789d20621147e074c7945e813cf76af2ceeb696104aae1","2026-07-26T14:45:50+0200","2026-07-26T18:46:23+0200"
"PRIMARY_051","waveica","serrf","SERRF","rerun_required",2026072651,2081.708,2081.708,"measured method execution in frozen release",2088.2958,6461,642,0,0,"fd78ee44fe9e3844589bd2586133bc2685432b135026875a98cf8b621909a47f","865aa1801a77464345d52e137cdf3748819d614c1f0c03db1ce43c93e003b98c","4aafada545ebd8eae10bf5ca725571c07fb9fa08cfbaa861179135f8ea53cbbb","22be6b55ac2a38b538dc238cdf39e95cd512c93c96921583baf74c76ce3a09fc","0.1.4","71a0964cee2778b2e5789d20621147e074c7945e813cf76af2ceeb696104aae1","2026-07-26T02:00:04+0200","2026-07-26T02:34:53+0200"
"PRIMARY_052","waveica","winn_auto_qc","WiNN auto (QC)","rerun_required",2026072652,131.779,131.779,"measured method execution in frozen release",138.5071,6461,642,0,0,"fd78ee44fe9e3844589bd2586133bc2685432b135026875a98cf8b621909a47f","78caabf52c5033a25215d4d9135b734a915fa98e6e472be61f162e3cbb6daed7","17cf3191f87728ab6e5c354e22bfa24b384568e84b14ec4d38ffc7da4658c4eb","f3e63c5678543e48f60e508a3290786a91edabce2c377f68b644ea15763adc8e","0.1.4","71a0964cee2778b2e5789d20621147e074c7945e813cf76af2ceeb696104aae1","2026-07-26T02:00:04+0200","2026-07-26T02:02:23+0200"
"PRIMARY_053","waveica","winn_auto_batch_qc","WiNN auto-batch (QC)","rerun_required",2026072653,65.558,65.558,"measured method execution in frozen release",73.1149,6461,642,0,0,"fd78ee44fe9e3844589bd2586133bc2685432b135026875a98cf8b621909a47f","ba10444694c57a4fe24c62e29b9d498d9de9e200795046af505c668be4c1e146","6e2d6969ac6b8486bf176f55001f43363a37a77d4a143a98a90221d654a81250","666e0bb93d7965e08a32da5974ba6f89767e831db1e8a50bd4a54758d0260290","0.1.4","71a0964cee2778b2e5789d20621147e074c7945e813cf76af2ceeb696104aae1","2026-07-26T02:00:06+0200","2026-07-26T02:01:19+0200"
"PRIMARY_054","waveica","winn_fixed_no_qc","WiNN fixed default (no QC)","rerun_required",2026072654,49.106,49.106,"measured method execution in frozen release",55.524,6461,642,0,0,"fd78ee44fe9e3844589bd2586133bc2685432b135026875a98cf8b621909a47f","0fde6ddc9b827f8e196de0a15f9acdfc907bfd7050fe377a2f93ea36797c142b","6922e458a761a2553aa25376e4d6a1a2279e18494e77d4f93d29130f33dfde98","4bc016d34411e1ed63b9d8b12740f0d0b286aea0cb5cf9d9098f414aea2d72e9","0.1.4","71a0964cee2778b2e5789d20621147e074c7945e813cf76af2ceeb696104aae1","2026-07-26T02:00:04+0200","2026-07-26T02:00:59+0200"
