"dataset_key","dataset","method_id","method","metric","value","denominator","units"
"simulation","Simulation","raw","Raw","retained_features",1000,1000,"features"
"simulation","Simulation","raw","Raw","retained_samples",500,500,"samples"
"simulation","Simulation","raw","Raw","runtime_sec",0,1,"seconds"
"simulation","Simulation","combat","ComBat","retained_features",1000,1000,"features"
"simulation","Simulation","combat","ComBat","retained_samples",500,500,"samples"
"simulation","Simulation","combat","ComBat","runtime_sec",,1,"seconds"
"simulation","Simulation","qc_rlsc","QC-RLSC","retained_features",1000,1000,"features"
"simulation","Simulation","qc_rlsc","QC-RLSC","retained_samples",500,500,"samples"
"simulation","Simulation","qc_rlsc","QC-RLSC","runtime_sec",,1,"seconds"
"simulation","Simulation","qc_rfsc","QC-RFSC","retained_features",1000,1000,"features"
"simulation","Simulation","qc_rfsc","QC-RFSC","retained_samples",500,500,"samples"
"simulation","Simulation","qc_rfsc","QC-RFSC","runtime_sec",,1,"seconds"
"simulation","Simulation","tiger","TIGER","retained_features",1000,1000,"features"
"simulation","Simulation","tiger","TIGER","retained_samples",500,500,"samples"
"simulation","Simulation","tiger","TIGER","runtime_sec",1617.199,1,"seconds"
"simulation","Simulation","serrf","SERRF","retained_features",1000,1000,"features"
"simulation","Simulation","serrf","SERRF","retained_samples",500,500,"samples"
"simulation","Simulation","serrf","SERRF","runtime_sec",,1,"seconds"
"simulation","Simulation","winn_auto_qc","WiNN auto (QC)","retained_features",1000,1000,"features"
"simulation","Simulation","winn_auto_qc","WiNN auto (QC)","retained_samples",500,500,"samples"
"simulation","Simulation","winn_auto_qc","WiNN auto (QC)","runtime_sec",17.563,1,"seconds"
"simulation","Simulation","winn_auto_batch_qc","WiNN auto-batch (QC)","retained_features",1000,1000,"features"
"simulation","Simulation","winn_auto_batch_qc","WiNN auto-batch (QC)","retained_samples",500,500,"samples"
"simulation","Simulation","winn_auto_batch_qc","WiNN auto-batch (QC)","runtime_sec",21.503,1,"seconds"
"simulation","Simulation","winn_fixed_no_qc","WiNN fixed default (no QC)","retained_features",1000,1000,"features"
"simulation","Simulation","winn_fixed_no_qc","WiNN fixed default (no QC)","retained_samples",500,500,"samples"
"simulation","Simulation","winn_fixed_no_qc","WiNN fixed default (no QC)","runtime_sec",7.758,1,"seconds"
"mtbls79","MTBLS79","raw","Raw","retained_features",2488,2488,"features"
"mtbls79","MTBLS79","raw","Raw","retained_samples",172,172,"samples"
"mtbls79","MTBLS79","raw","Raw","runtime_sec",0,1,"seconds"
"mtbls79","MTBLS79","combat","ComBat","retained_features",2488,2488,"features"
"mtbls79","MTBLS79","combat","ComBat","retained_samples",172,172,"samples"
"mtbls79","MTBLS79","combat","ComBat","runtime_sec",,1,"seconds"
"mtbls79","MTBLS79","qc_rlsc","QC-RLSC","retained_features",2488,2488,"features"
"mtbls79","MTBLS79","qc_rlsc","QC-RLSC","retained_samples",172,172,"samples"
"mtbls79","MTBLS79","qc_rlsc","QC-RLSC","runtime_sec",258.677,1,"seconds"
"mtbls79","MTBLS79","qc_rfsc","QC-RFSC","retained_features",2488,2488,"features"
"mtbls79","MTBLS79","qc_rfsc","QC-RFSC","retained_samples",172,172,"samples"
"mtbls79","MTBLS79","qc_rfsc","QC-RFSC","runtime_sec",76.148,1,"seconds"
"mtbls79","MTBLS79","tiger","TIGER","retained_features",2488,2488,"features"
"mtbls79","MTBLS79","tiger","TIGER","retained_samples",172,172,"samples"
"mtbls79","MTBLS79","tiger","TIGER","runtime_sec",2969.131,1,"seconds"
"mtbls79","MTBLS79","serrf","SERRF","retained_features",2488,2488,"features"
"mtbls79","MTBLS79","serrf","SERRF","retained_samples",172,172,"samples"
"mtbls79","MTBLS79","serrf","SERRF","runtime_sec",1713.737,1,"seconds"
"mtbls79","MTBLS79","winn_auto_qc","WiNN auto (QC)","retained_features",2488,2488,"features"
"mtbls79","MTBLS79","winn_auto_qc","WiNN auto (QC)","retained_samples",172,172,"samples"
"mtbls79","MTBLS79","winn_auto_qc","WiNN auto (QC)","runtime_sec",16.819,1,"seconds"
"mtbls79","MTBLS79","winn_auto_batch_qc","WiNN auto-batch (QC)","retained_features",2488,2488,"features"
"mtbls79","MTBLS79","winn_auto_batch_qc","WiNN auto-batch (QC)","retained_samples",172,172,"samples"
"mtbls79","MTBLS79","winn_auto_batch_qc","WiNN auto-batch (QC)","runtime_sec",20.851,1,"seconds"
"mtbls79","MTBLS79","winn_fixed_no_qc","WiNN fixed default (no QC)","retained_features",2488,2488,"features"
"mtbls79","MTBLS79","winn_fixed_no_qc","WiNN fixed default (no QC)","retained_samples",172,172,"samples"
"mtbls79","MTBLS79","winn_fixed_no_qc","WiNN fixed default (no QC)","runtime_sec",9.034,1,"seconds"
"clinical_fiams","Clinical FIA-MS","raw","Raw","retained_features",1594,1594,"features"
"clinical_fiams","Clinical FIA-MS","raw","Raw","retained_samples",660,660,"samples"
"clinical_fiams","Clinical FIA-MS","raw","Raw","runtime_sec",0,1,"seconds"
"clinical_fiams","Clinical FIA-MS","combat","ComBat","retained_features",1594,1594,"features"
"clinical_fiams","Clinical FIA-MS","combat","ComBat","retained_samples",660,660,"samples"
"clinical_fiams","Clinical FIA-MS","combat","ComBat","runtime_sec",,1,"seconds"
"clinical_fiams","Clinical FIA-MS","qc_rlsc","QC-RLSC","retained_features",1594,1594,"features"
"clinical_fiams","Clinical FIA-MS","qc_rlsc","QC-RLSC","retained_samples",660,660,"samples"
"clinical_fiams","Clinical FIA-MS","qc_rlsc","QC-RLSC","runtime_sec",11.498,1,"seconds"
"clinical_fiams","Clinical FIA-MS","qc_rfsc","QC-RFSC","retained_features",1594,1594,"features"
"clinical_fiams","Clinical FIA-MS","qc_rfsc","QC-RFSC","retained_samples",660,660,"samples"
"clinical_fiams","Clinical FIA-MS","qc_rfsc","QC-RFSC","runtime_sec",76.616,1,"seconds"
"clinical_fiams","Clinical FIA-MS","tiger","TIGER","retained_features",1594,1594,"features"
"clinical_fiams","Clinical FIA-MS","tiger","TIGER","retained_samples",660,660,"samples"
"clinical_fiams","Clinical FIA-MS","tiger","TIGER","runtime_sec",6002.527,1,"seconds"
"clinical_fiams","Clinical FIA-MS","serrf","SERRF","retained_features",1594,1594,"features"
"clinical_fiams","Clinical FIA-MS","serrf","SERRF","retained_samples",660,660,"samples"
"clinical_fiams","Clinical FIA-MS","serrf","SERRF","runtime_sec",953.103,1,"seconds"
"clinical_fiams","Clinical FIA-MS","winn_auto_qc","WiNN auto (QC)","retained_features",1594,1594,"features"
"clinical_fiams","Clinical FIA-MS","winn_auto_qc","WiNN auto (QC)","retained_samples",660,660,"samples"
"clinical_fiams","Clinical FIA-MS","winn_auto_qc","WiNN auto (QC)","runtime_sec",28.834,1,"seconds"
"clinical_fiams","Clinical FIA-MS","winn_auto_batch_qc","WiNN auto-batch (QC)","retained_features",1594,1594,"features"
"clinical_fiams","Clinical FIA-MS","winn_auto_batch_qc","WiNN auto-batch (QC)","retained_samples",660,660,"samples"
"clinical_fiams","Clinical FIA-MS","winn_auto_batch_qc","WiNN auto-batch (QC)","runtime_sec",32.663,1,"seconds"
"clinical_fiams","Clinical FIA-MS","winn_fixed_no_qc","WiNN fixed default (no QC)","retained_features",1594,1594,"features"
"clinical_fiams","Clinical FIA-MS","winn_fixed_no_qc","WiNN fixed default (no QC)","retained_samples",660,660,"samples"
"clinical_fiams","Clinical FIA-MS","winn_fixed_no_qc","WiNN fixed default (no QC)","runtime_sec",10.922,1,"seconds"
"batchcorr_set1","BatchCorr Set 1","raw","Raw","retained_features",199,199,"features"
"batchcorr_set1","BatchCorr Set 1","raw","Raw","retained_samples",761,761,"samples"
"batchcorr_set1","BatchCorr Set 1","raw","Raw","runtime_sec",0,1,"seconds"
"batchcorr_set1","BatchCorr Set 1","combat","ComBat","retained_features",199,199,"features"
"batchcorr_set1","BatchCorr Set 1","combat","ComBat","retained_samples",761,761,"samples"
"batchcorr_set1","BatchCorr Set 1","combat","ComBat","runtime_sec",,1,"seconds"
"batchcorr_set1","BatchCorr Set 1","qc_rlsc","QC-RLSC","retained_features",199,199,"features"
"batchcorr_set1","BatchCorr Set 1","qc_rlsc","QC-RLSC","retained_samples",761,761,"samples"
"batchcorr_set1","BatchCorr Set 1","qc_rlsc","QC-RLSC","runtime_sec",,1,"seconds"
"batchcorr_set1","BatchCorr Set 1","qc_rfsc","QC-RFSC","retained_features",199,199,"features"
"batchcorr_set1","BatchCorr Set 1","qc_rfsc","QC-RFSC","retained_samples",761,761,"samples"
"batchcorr_set1","BatchCorr Set 1","qc_rfsc","QC-RFSC","runtime_sec",7.459,1,"seconds"
"batchcorr_set1","BatchCorr Set 1","tiger","TIGER","retained_features",199,199,"features"
"batchcorr_set1","BatchCorr Set 1","tiger","TIGER","retained_samples",761,761,"samples"
"batchcorr_set1","BatchCorr Set 1","tiger","TIGER","runtime_sec",399.01,1,"seconds"
"batchcorr_set1","BatchCorr Set 1","serrf","SERRF","retained_features",199,199,"features"
"batchcorr_set1","BatchCorr Set 1","serrf","SERRF","retained_samples",761,761,"samples"
"batchcorr_set1","BatchCorr Set 1","serrf","SERRF","runtime_sec",117.93,1,"seconds"
"batchcorr_set1","BatchCorr Set 1","winn_auto_qc","WiNN auto (QC)","retained_features",199,199,"features"
"batchcorr_set1","BatchCorr Set 1","winn_auto_qc","WiNN auto (QC)","retained_samples",761,761,"samples"
"batchcorr_set1","BatchCorr Set 1","winn_auto_qc","WiNN auto (QC)","runtime_sec",5.721,1,"seconds"
"batchcorr_set1","BatchCorr Set 1","winn_auto_batch_qc","WiNN auto-batch (QC)","retained_features",199,199,"features"
"batchcorr_set1","BatchCorr Set 1","winn_auto_batch_qc","WiNN auto-batch (QC)","retained_samples",761,761,"samples"
"batchcorr_set1","BatchCorr Set 1","winn_auto_batch_qc","WiNN auto-batch (QC)","runtime_sec",6.761,1,"seconds"
"batchcorr_set1","BatchCorr Set 1","winn_fixed_no_qc","WiNN fixed default (no QC)","retained_features",199,199,"features"
"batchcorr_set1","BatchCorr Set 1","winn_fixed_no_qc","WiNN fixed default (no QC)","retained_samples",761,761,"samples"
"batchcorr_set1","BatchCorr Set 1","winn_fixed_no_qc","WiNN fixed default (no QC)","runtime_sec",2.324,1,"seconds"
"sacurine","Sacurine","raw","Raw","retained_features",113,113,"features"
"sacurine","Sacurine","raw","Raw","retained_samples",210,210,"samples"
"sacurine","Sacurine","raw","Raw","runtime_sec",0,1,"seconds"
"sacurine","Sacurine","combat","ComBat","retained_features",113,113,"features"
"sacurine","Sacurine","combat","ComBat","retained_samples",210,210,"samples"
"sacurine","Sacurine","combat","ComBat","runtime_sec",,1,"seconds"
"sacurine","Sacurine","qc_rlsc","QC-RLSC","retained_features",113,113,"features"
"sacurine","Sacurine","qc_rlsc","QC-RLSC","retained_samples",210,210,"samples"
"sacurine","Sacurine","qc_rlsc","QC-RLSC","runtime_sec",0.278,1,"seconds"
"sacurine","Sacurine","qc_rfsc","QC-RFSC","retained_features",113,113,"features"
"sacurine","Sacurine","qc_rfsc","QC-RFSC","retained_samples",210,210,"samples"
"sacurine","Sacurine","qc_rfsc","QC-RFSC","runtime_sec",1.915,1,"seconds"
"sacurine","Sacurine","tiger","TIGER","retained_features",113,113,"features"
"sacurine","Sacurine","tiger","TIGER","retained_samples",210,210,"samples"
"sacurine","Sacurine","tiger","TIGER","runtime_sec",87.868,1,"seconds"
"sacurine","Sacurine","serrf","SERRF","retained_features",113,113,"features"
"sacurine","Sacurine","serrf","SERRF","retained_samples",210,210,"samples"
"sacurine","Sacurine","serrf","SERRF","runtime_sec",,1,"seconds"
"sacurine","Sacurine","winn_auto_qc","WiNN auto (QC)","retained_features",113,113,"features"
"sacurine","Sacurine","winn_auto_qc","WiNN auto (QC)","retained_samples",210,210,"samples"
"sacurine","Sacurine","winn_auto_qc","WiNN auto (QC)","runtime_sec",0.938,1,"seconds"
"sacurine","Sacurine","winn_auto_batch_qc","WiNN auto-batch (QC)","retained_features",113,113,"features"
"sacurine","Sacurine","winn_auto_batch_qc","WiNN auto-batch (QC)","retained_samples",210,210,"samples"
"sacurine","Sacurine","winn_auto_batch_qc","WiNN auto-batch (QC)","runtime_sec",1.243,1,"seconds"
"sacurine","Sacurine","winn_fixed_no_qc","WiNN fixed default (no QC)","retained_features",113,113,"features"
"sacurine","Sacurine","winn_fixed_no_qc","WiNN fixed default (no QC)","retained_samples",210,210,"samples"
"sacurine","Sacurine","winn_fixed_no_qc","WiNN fixed default (no QC)","runtime_sec",3.296,1,"seconds"
"waveica","WaveICA","raw","Raw","retained_features",6461,6461,"features"
"waveica","WaveICA","raw","Raw","retained_samples",642,642,"samples"
"waveica","WaveICA","raw","Raw","runtime_sec",0,1,"seconds"
"waveica","WaveICA","combat","ComBat","retained_features",6461,6461,"features"
"waveica","WaveICA","combat","ComBat","retained_samples",642,642,"samples"
"waveica","WaveICA","combat","ComBat","runtime_sec",,1,"seconds"
"waveica","WaveICA","qc_rlsc","QC-RLSC","retained_features",6461,6461,"features"
"waveica","WaveICA","qc_rlsc","QC-RLSC","retained_samples",642,642,"samples"
"waveica","WaveICA","qc_rlsc","QC-RLSC","runtime_sec",22.035,1,"seconds"
"waveica","WaveICA","qc_rfsc","QC-RFSC","retained_features",6461,6461,"features"
"waveica","WaveICA","qc_rfsc","QC-RFSC","retained_samples",642,642,"samples"
"waveica","WaveICA","qc_rfsc","QC-RFSC","runtime_sec",537.756,1,"seconds"
"waveica","WaveICA","tiger","TIGER","retained_features",6461,6461,"features"
"waveica","WaveICA","tiger","TIGER","retained_samples",642,642,"samples"
"waveica","WaveICA","tiger","TIGER","runtime_sec",14426.045,1,"seconds"
"waveica","WaveICA","serrf","SERRF","retained_features",6461,6461,"features"
"waveica","WaveICA","serrf","SERRF","retained_samples",642,642,"samples"
"waveica","WaveICA","serrf","SERRF","runtime_sec",2081.708,1,"seconds"
"waveica","WaveICA","winn_auto_qc","WiNN auto (QC)","retained_features",6461,6461,"features"
"waveica","WaveICA","winn_auto_qc","WiNN auto (QC)","retained_samples",642,642,"samples"
"waveica","WaveICA","winn_auto_qc","WiNN auto (QC)","runtime_sec",131.779,1,"seconds"
"waveica","WaveICA","winn_auto_batch_qc","WiNN auto-batch (QC)","retained_features",6461,6461,"features"
"waveica","WaveICA","winn_auto_batch_qc","WiNN auto-batch (QC)","retained_samples",642,642,"samples"
"waveica","WaveICA","winn_auto_batch_qc","WiNN auto-batch (QC)","runtime_sec",65.558,1,"seconds"
"waveica","WaveICA","winn_fixed_no_qc","WiNN fixed default (no QC)","retained_features",6461,6461,"features"
"waveica","WaveICA","winn_fixed_no_qc","WiNN fixed default (no QC)","retained_samples",642,642,"samples"
"waveica","WaveICA","winn_fixed_no_qc","WiNN fixed default (no QC)","runtime_sec",49.106,1,"seconds"
