"dataset_key","dataset","method_id","method","metric","value","direction","denominator","units"
"simulation","Simulation","G_SS","selective/selective","heldout_qc_cv_mean",8.76629278513728,"lower",1000,"percent"
"simulation","Simulation","G_SS","selective/selective","heldout_qc_cv_sd",6.24541161559367,"lower",1000,"percent"
"simulation","Simulation","G_SS","selective/selective","heldout_qc_cv_median",7.76573226958891,"lower",1000,"percent"
"simulation","Simulation","G_SS","selective/selective","residual_run_order_gam_mean_deviance",0.020259360410254,"lower",5000,"proportion"
"simulation","Simulation","G_SS","selective/selective","residual_run_order_gam_sd_deviance",0.033790592433155,"lower",5000,"proportion"
"simulation","Simulation","G_SS","selective/selective","residual_ljung_box_proportion_significant",0.0078,"lower",5000,"proportion"
"simulation","Simulation","G_SS","selective/selective","batch_weighted_pc_r2_categorical",0.000984578035653711,"lower",450,"weighted R-squared"
"simulation","Simulation","G_SS","selective/selective","retained_features",1000,"higher",1000,"features"
"simulation","Simulation","G_SS","selective/selective","retained_samples",500,"higher",500,"samples"
"simulation","Simulation","G_SS","selective/selective","runtime_sec",6.119,"lower",1,"seconds"
"simulation","Simulation","G_SS","selective/selective","drift_profiles_corrected",1440,"descriptive",5000,"profiles"
"simulation","Simulation","G_SS","selective/selective","drift_features_corrected",655,"descriptive",1000,"features"
"simulation","Simulation","G_SS","selective/selective","batch_features_corrected",725,"descriptive",1000,"features"
"simulation","Simulation","G_SS","selective/selective","truth_metabolite_profile_icc_mean",0.922101988056287,"higher",1000,"ICC(A,1)"
"simulation","Simulation","G_SS","selective/selective","truth_sample_profile_pearson_mean",0.925722367961271,"higher",450,"correlation"
"simulation","Simulation","G_SS","selective/selective","truth_log1p_rmse",0.0717656363030658,"lower",450000,"log1p intensity"
"simulation","Simulation","G_AS","all/selective","heldout_qc_cv_mean",10.7950921650205,"lower",1000,"percent"
"simulation","Simulation","G_AS","all/selective","heldout_qc_cv_sd",5.09851469131674,"lower",1000,"percent"
"simulation","Simulation","G_AS","all/selective","heldout_qc_cv_median",9.43095014939824,"lower",1000,"percent"
"simulation","Simulation","G_AS","all/selective","residual_run_order_gam_mean_deviance",0.000773516898207875,"lower",5000,"proportion"
"simulation","Simulation","G_AS","all/selective","residual_run_order_gam_sd_deviance",0.00295914512847696,"lower",5000,"proportion"
"simulation","Simulation","G_AS","all/selective","residual_ljung_box_proportion_significant",0.0132,"lower",5000,"proportion"
"simulation","Simulation","G_AS","all/selective","batch_weighted_pc_r2_categorical",0.000850718286039682,"lower",450,"weighted R-squared"
"simulation","Simulation","G_AS","all/selective","retained_features",1000,"higher",1000,"features"
"simulation","Simulation","G_AS","all/selective","retained_samples",500,"higher",500,"samples"
"simulation","Simulation","G_AS","all/selective","runtime_sec",13.657,"lower",1,"seconds"
"simulation","Simulation","G_AS","all/selective","drift_profiles_corrected",5000,"descriptive",5000,"profiles"
"simulation","Simulation","G_AS","all/selective","drift_features_corrected",1000,"descriptive",1000,"features"
"simulation","Simulation","G_AS","all/selective","batch_features_corrected",728,"descriptive",1000,"features"
"simulation","Simulation","G_AS","all/selective","truth_metabolite_profile_icc_mean",0.910460210285255,"higher",1000,"ICC(A,1)"
"simulation","Simulation","G_AS","all/selective","truth_sample_profile_pearson_mean",0.914863811819088,"higher",450,"correlation"
"simulation","Simulation","G_AS","all/selective","truth_log1p_rmse",0.0755212043596487,"lower",450000,"log1p intensity"
"simulation","Simulation","G_SA","selective/all","heldout_qc_cv_mean",9.10860426114912,"lower",1000,"percent"
"simulation","Simulation","G_SA","selective/all","heldout_qc_cv_sd",5.90142525941107,"lower",1000,"percent"
"simulation","Simulation","G_SA","selective/all","heldout_qc_cv_median",7.85893016567543,"lower",1000,"percent"
"simulation","Simulation","G_SA","selective/all","residual_run_order_gam_mean_deviance",0.0202504886317659,"lower",5000,"proportion"
"simulation","Simulation","G_SA","selective/all","residual_run_order_gam_sd_deviance",0.0337660629426647,"lower",5000,"proportion"
"simulation","Simulation","G_SA","selective/all","residual_ljung_box_proportion_significant",0.0078,"lower",5000,"proportion"
"simulation","Simulation","G_SA","selective/all","batch_weighted_pc_r2_categorical",9.15272892016977e-05,"lower",450,"weighted R-squared"
"simulation","Simulation","G_SA","selective/all","retained_features",1000,"higher",1000,"features"
"simulation","Simulation","G_SA","selective/all","retained_samples",500,"higher",500,"samples"
"simulation","Simulation","G_SA","selective/all","runtime_sec",5.792,"lower",1,"seconds"
"simulation","Simulation","G_SA","selective/all","drift_profiles_corrected",1440,"descriptive",5000,"profiles"
"simulation","Simulation","G_SA","selective/all","drift_features_corrected",655,"descriptive",1000,"features"
"simulation","Simulation","G_SA","selective/all","batch_features_corrected",1000,"descriptive",1000,"features"
"simulation","Simulation","G_SA","selective/all","truth_metabolite_profile_icc_mean",0.921230243391027,"higher",1000,"ICC(A,1)"
"simulation","Simulation","G_SA","selective/all","truth_sample_profile_pearson_mean",0.924797943507282,"higher",450,"correlation"
"simulation","Simulation","G_SA","selective/all","truth_log1p_rmse",0.0721145524012737,"lower",450000,"log1p intensity"
"simulation","Simulation","G_AA","all/all","heldout_qc_cv_mean",10.9169677941253,"lower",1000,"percent"
"simulation","Simulation","G_AA","all/all","heldout_qc_cv_sd",5.06025497581264,"lower",1000,"percent"
"simulation","Simulation","G_AA","all/all","heldout_qc_cv_median",9.70138424815032,"lower",1000,"percent"
"simulation","Simulation","G_AA","all/all","residual_run_order_gam_mean_deviance",0.000773314503840401,"lower",5000,"proportion"
"simulation","Simulation","G_AA","all/all","residual_run_order_gam_sd_deviance",0.00296620240447871,"lower",5000,"proportion"
"simulation","Simulation","G_AA","all/all","residual_ljung_box_proportion_significant",0.013,"lower",5000,"proportion"
"simulation","Simulation","G_AA","all/all","batch_weighted_pc_r2_categorical",0.000105489848278708,"lower",450,"weighted R-squared"
"simulation","Simulation","G_AA","all/all","retained_features",1000,"higher",1000,"features"
"simulation","Simulation","G_AA","all/all","retained_samples",500,"higher",500,"samples"
"simulation","Simulation","G_AA","all/all","runtime_sec",13.973,"lower",1,"seconds"
"simulation","Simulation","G_AA","all/all","drift_profiles_corrected",5000,"descriptive",5000,"profiles"
"simulation","Simulation","G_AA","all/all","drift_features_corrected",1000,"descriptive",1000,"features"
"simulation","Simulation","G_AA","all/all","batch_features_corrected",1000,"descriptive",1000,"features"
"simulation","Simulation","G_AA","all/all","truth_metabolite_profile_icc_mean",0.909547858318861,"higher",1000,"ICC(A,1)"
"simulation","Simulation","G_AA","all/all","truth_sample_profile_pearson_mean",0.913957044306018,"higher",450,"correlation"
"simulation","Simulation","G_AA","all/all","truth_log1p_rmse",0.075859055149693,"lower",450000,"log1p intensity"
"mtbls79","MTBLS79","G_SS","selective/selective","heldout_qc_cv_mean",16.6785376235596,"lower",2488,"percent"
"mtbls79","MTBLS79","G_SS","selective/selective","heldout_qc_cv_sd",9.84009169616315,"lower",2488,"percent"
"mtbls79","MTBLS79","G_SS","selective/selective","heldout_qc_cv_median",14.2477224431198,"lower",2488,"percent"
"mtbls79","MTBLS79","G_SS","selective/selective","residual_run_order_gam_mean_deviance",0.140078697278888,"lower",19904,"proportion"
"mtbls79","MTBLS79","G_SS","selective/selective","residual_run_order_gam_sd_deviance",0.168153066112504,"lower",19904,"proportion"
"mtbls79","MTBLS79","G_SS","selective/selective","residual_ljung_box_proportion_significant",0.00221061093247588,"lower",19904,"proportion"
"mtbls79","MTBLS79","G_SS","selective/selective","batch_weighted_pc_r2_categorical",0.0108480104370861,"lower",134,"weighted R-squared"
"mtbls79","MTBLS79","G_SS","selective/selective","retained_features",2488,"higher",2488,"features"
"mtbls79","MTBLS79","G_SS","selective/selective","retained_samples",172,"higher",172,"samples"
"mtbls79","MTBLS79","G_SS","selective/selective","runtime_sec",7.589,"lower",1,"seconds"
"mtbls79","MTBLS79","G_SS","selective/selective","drift_profiles_corrected",52,"descriptive",19904,"profiles"
"mtbls79","MTBLS79","G_SS","selective/selective","drift_features_corrected",40,"descriptive",2488,"features"
"mtbls79","MTBLS79","G_SS","selective/selective","batch_features_corrected",1860,"descriptive",2488,"features"
"mtbls79","MTBLS79","G_SS","selective/selective","biological_weighted_pc_r2",0.471479113913378,"higher",134,"weighted R-squared"
"mtbls79","MTBLS79","G_SS","selective/selective","metabolite_icc_a1_median",0.674414477673406,"higher",2488,"ICC(A,1)"
"mtbls79","MTBLS79","G_SS","selective/selective","sample_replicate_pearson_median",0.975436813944675,"higher",20,"correlation"
"mtbls79","MTBLS79","G_SS","selective/selective","biological_associated_features",1013,"context",2488,"features"
"mtbls79","MTBLS79","G_AS","all/selective","heldout_qc_cv_mean",19.8303472738463,"lower",2488,"percent"
"mtbls79","MTBLS79","G_AS","all/selective","heldout_qc_cv_sd",10.5297021007681,"lower",2488,"percent"
"mtbls79","MTBLS79","G_AS","all/selective","heldout_qc_cv_median",17.5056258145901,"lower",2488,"percent"
"mtbls79","MTBLS79","G_AS","all/selective","residual_run_order_gam_mean_deviance",0.0212930395917055,"lower",19904,"proportion"
"mtbls79","MTBLS79","G_AS","all/selective","residual_run_order_gam_sd_deviance",0.0458380731580205,"lower",19904,"proportion"
"mtbls79","MTBLS79","G_AS","all/selective","residual_ljung_box_proportion_significant",0.0789288585209003,"lower",19904,"proportion"
"mtbls79","MTBLS79","G_AS","all/selective","batch_weighted_pc_r2_categorical",0.00638791838609736,"lower",134,"weighted R-squared"
"mtbls79","MTBLS79","G_AS","all/selective","retained_features",2488,"higher",2488,"features"
"mtbls79","MTBLS79","G_AS","all/selective","retained_samples",172,"higher",172,"samples"
"mtbls79","MTBLS79","G_AS","all/selective","runtime_sec",49.703,"lower",1,"seconds"
"mtbls79","MTBLS79","G_AS","all/selective","drift_profiles_corrected",19904,"descriptive",19904,"profiles"
"mtbls79","MTBLS79","G_AS","all/selective","drift_features_corrected",2488,"descriptive",2488,"features"
"mtbls79","MTBLS79","G_AS","all/selective","batch_features_corrected",2060,"descriptive",2488,"features"
"mtbls79","MTBLS79","G_AS","all/selective","biological_weighted_pc_r2",0.459601565639676,"higher",134,"weighted R-squared"
"mtbls79","MTBLS79","G_AS","all/selective","metabolite_icc_a1_median",0.640185554278018,"higher",2488,"ICC(A,1)"
"mtbls79","MTBLS79","G_AS","all/selective","sample_replicate_pearson_median",0.981099298652759,"higher",20,"correlation"
"mtbls79","MTBLS79","G_AS","all/selective","biological_associated_features",1067,"context",2488,"features"
"mtbls79","MTBLS79","G_SA","selective/all","heldout_qc_cv_mean",15.9700072181085,"lower",2488,"percent"
"mtbls79","MTBLS79","G_SA","selective/all","heldout_qc_cv_sd",9.72836425484772,"lower",2488,"percent"
"mtbls79","MTBLS79","G_SA","selective/all","heldout_qc_cv_median",13.4413312879625,"lower",2488,"percent"
"mtbls79","MTBLS79","G_SA","selective/all","residual_run_order_gam_mean_deviance",0.139901896201484,"lower",19904,"proportion"
"mtbls79","MTBLS79","G_SA","selective/all","residual_run_order_gam_sd_deviance",0.168141961932324,"lower",19904,"proportion"
"mtbls79","MTBLS79","G_SA","selective/all","residual_ljung_box_proportion_significant",0.00221061093247588,"lower",19904,"proportion"
"mtbls79","MTBLS79","G_SA","selective/all","batch_weighted_pc_r2_categorical",0.0106558279333553,"lower",134,"weighted R-squared"
"mtbls79","MTBLS79","G_SA","selective/all","retained_features",2488,"higher",2488,"features"
"mtbls79","MTBLS79","G_SA","selective/all","retained_samples",172,"higher",172,"samples"
"mtbls79","MTBLS79","G_SA","selective/all","runtime_sec",7.19299999999999,"lower",1,"seconds"
"mtbls79","MTBLS79","G_SA","selective/all","drift_profiles_corrected",52,"descriptive",19904,"profiles"
"mtbls79","MTBLS79","G_SA","selective/all","drift_features_corrected",40,"descriptive",2488,"features"
"mtbls79","MTBLS79","G_SA","selective/all","batch_features_corrected",2488,"descriptive",2488,"features"
"mtbls79","MTBLS79","G_SA","selective/all","biological_weighted_pc_r2",0.471170085143598,"higher",134,"weighted R-squared"
"mtbls79","MTBLS79","G_SA","selective/all","metabolite_icc_a1_median",0.681807145737552,"higher",2488,"ICC(A,1)"
"mtbls79","MTBLS79","G_SA","selective/all","sample_replicate_pearson_median",0.976760590417258,"higher",20,"correlation"
"mtbls79","MTBLS79","G_SA","selective/all","biological_associated_features",1015,"context",2488,"features"
"mtbls79","MTBLS79","G_AA","all/all","heldout_qc_cv_mean",19.3110113171568,"lower",2488,"percent"
"mtbls79","MTBLS79","G_AA","all/all","heldout_qc_cv_sd",9.94970090443233,"lower",2488,"percent"
"mtbls79","MTBLS79","G_AA","all/all","heldout_qc_cv_median",17.2530110911805,"lower",2488,"percent"
"mtbls79","MTBLS79","G_AA","all/all","residual_run_order_gam_mean_deviance",0.0213675974302673,"lower",19904,"proportion"
"mtbls79","MTBLS79","G_AA","all/all","residual_run_order_gam_sd_deviance",0.0459064374124867,"lower",19904,"proportion"
"mtbls79","MTBLS79","G_AA","all/all","residual_ljung_box_proportion_significant",0.0791800643086817,"lower",19904,"proportion"
"mtbls79","MTBLS79","G_AA","all/all","batch_weighted_pc_r2_categorical",0.00571273868069983,"lower",134,"weighted R-squared"
"mtbls79","MTBLS79","G_AA","all/all","retained_features",2488,"higher",2488,"features"
"mtbls79","MTBLS79","G_AA","all/all","retained_samples",172,"higher",172,"samples"
"mtbls79","MTBLS79","G_AA","all/all","runtime_sec",49.407,"lower",1,"seconds"
"mtbls79","MTBLS79","G_AA","all/all","drift_profiles_corrected",19904,"descriptive",19904,"profiles"
"mtbls79","MTBLS79","G_AA","all/all","drift_features_corrected",2488,"descriptive",2488,"features"
"mtbls79","MTBLS79","G_AA","all/all","batch_features_corrected",2488,"descriptive",2488,"features"
"mtbls79","MTBLS79","G_AA","all/all","biological_weighted_pc_r2",0.459294623758875,"higher",134,"weighted R-squared"
"mtbls79","MTBLS79","G_AA","all/all","metabolite_icc_a1_median",0.641333529494254,"higher",2488,"ICC(A,1)"
"mtbls79","MTBLS79","G_AA","all/all","sample_replicate_pearson_median",0.982157563732513,"higher",20,"correlation"
"mtbls79","MTBLS79","G_AA","all/all","biological_associated_features",1066,"context",2488,"features"
"clinical_fiams","Clinical FIA-MS","G_SS","selective/selective","heldout_qc_cv_mean",12.4044092100879,"lower",1594,"percent"
"clinical_fiams","Clinical FIA-MS","G_SS","selective/selective","heldout_qc_cv_sd",5.42898031411995,"lower",1594,"percent"
"clinical_fiams","Clinical FIA-MS","G_SS","selective/selective","heldout_qc_cv_median",11.0959804156287,"lower",1594,"percent"
"clinical_fiams","Clinical FIA-MS","G_SS","selective/selective","residual_run_order_gam_mean_deviance",0.0727686471322973,"lower",12752,"proportion"
"clinical_fiams","Clinical FIA-MS","G_SS","selective/selective","residual_run_order_gam_sd_deviance",0.0789910500858729,"lower",12752,"proportion"
"clinical_fiams","Clinical FIA-MS","G_SS","selective/selective","residual_ljung_box_proportion_significant",0.0997490589711418,"lower",12752,"proportion"
"clinical_fiams","Clinical FIA-MS","G_SS","selective/selective","batch_weighted_pc_r2_categorical",0.00205430716992057,"lower",536,"weighted R-squared"
"clinical_fiams","Clinical FIA-MS","G_SS","selective/selective","retained_features",1594,"higher",1594,"features"
"clinical_fiams","Clinical FIA-MS","G_SS","selective/selective","retained_samples",660,"higher",660,"samples"
"clinical_fiams","Clinical FIA-MS","G_SS","selective/selective","runtime_sec",11.077,"lower",1,"seconds"
"clinical_fiams","Clinical FIA-MS","G_SS","selective/selective","drift_profiles_corrected",2297,"descriptive",12752,"profiles"
"clinical_fiams","Clinical FIA-MS","G_SS","selective/selective","drift_features_corrected",1300,"descriptive",1594,"features"
"clinical_fiams","Clinical FIA-MS","G_SS","selective/selective","batch_features_corrected",1506,"descriptive",1594,"features"
"clinical_fiams","Clinical FIA-MS","G_SS","selective/selective","biological_weighted_pc_r2",0.799363081954994,"higher",536,"weighted R-squared"
"clinical_fiams","Clinical FIA-MS","G_SS","selective/selective","feature_repeatability_ratio_median",0.659272129860823,"higher",1594,"repeatability ratio"
"clinical_fiams","Clinical FIA-MS","G_SS","selective/selective","sample_replicate_pearson_median",0.990747863696587,"higher",267,"correlation"
"clinical_fiams","Clinical FIA-MS","G_SS","selective/selective","genuine_replicate_icc_median",0.989834812702034,"higher",267,"ICC(A,1)"
"clinical_fiams","Clinical FIA-MS","G_AS","all/selective","heldout_qc_cv_mean",13.5327320895589,"lower",1594,"percent"
"clinical_fiams","Clinical FIA-MS","G_AS","all/selective","heldout_qc_cv_sd",5.73240661941162,"lower",1594,"percent"
"clinical_fiams","Clinical FIA-MS","G_AS","all/selective","heldout_qc_cv_median",12.1052861007706,"lower",1594,"percent"
"clinical_fiams","Clinical FIA-MS","G_AS","all/selective","residual_run_order_gam_mean_deviance",0.00520013836698004,"lower",12752,"proportion"
"clinical_fiams","Clinical FIA-MS","G_AS","all/selective","residual_run_order_gam_sd_deviance",0.0136386634823728,"lower",12752,"proportion"
"clinical_fiams","Clinical FIA-MS","G_AS","all/selective","residual_ljung_box_proportion_significant",0.134331869510665,"lower",12752,"proportion"
"clinical_fiams","Clinical FIA-MS","G_AS","all/selective","batch_weighted_pc_r2_categorical",0.0010438538305947,"lower",536,"weighted R-squared"
"clinical_fiams","Clinical FIA-MS","G_AS","all/selective","retained_features",1594,"higher",1594,"features"
"clinical_fiams","Clinical FIA-MS","G_AS","all/selective","retained_samples",660,"higher",660,"samples"
"clinical_fiams","Clinical FIA-MS","G_AS","all/selective","runtime_sec",33.689,"lower",1,"seconds"
"clinical_fiams","Clinical FIA-MS","G_AS","all/selective","drift_profiles_corrected",12752,"descriptive",12752,"profiles"
"clinical_fiams","Clinical FIA-MS","G_AS","all/selective","drift_features_corrected",1594,"descriptive",1594,"features"
"clinical_fiams","Clinical FIA-MS","G_AS","all/selective","batch_features_corrected",1524,"descriptive",1594,"features"
"clinical_fiams","Clinical FIA-MS","G_AS","all/selective","biological_weighted_pc_r2",0.779111279456564,"higher",536,"weighted R-squared"
"clinical_fiams","Clinical FIA-MS","G_AS","all/selective","feature_repeatability_ratio_median",0.636970558682562,"higher",1594,"repeatability ratio"
"clinical_fiams","Clinical FIA-MS","G_AS","all/selective","sample_replicate_pearson_median",0.990870682832852,"higher",267,"correlation"
"clinical_fiams","Clinical FIA-MS","G_AS","all/selective","genuine_replicate_icc_median",0.98993063118193,"higher",267,"ICC(A,1)"
"clinical_fiams","Clinical FIA-MS","G_SA","selective/all","heldout_qc_cv_mean",12.3946699037692,"lower",1594,"percent"
"clinical_fiams","Clinical FIA-MS","G_SA","selective/all","heldout_qc_cv_sd",5.42319171552939,"lower",1594,"percent"
"clinical_fiams","Clinical FIA-MS","G_SA","selective/all","heldout_qc_cv_median",11.0898980510012,"lower",1594,"percent"
"clinical_fiams","Clinical FIA-MS","G_SA","selective/all","residual_run_order_gam_mean_deviance",0.0727630834493838,"lower",12752,"proportion"
"clinical_fiams","Clinical FIA-MS","G_SA","selective/all","residual_run_order_gam_sd_deviance",0.0789912534496783,"lower",12752,"proportion"
"clinical_fiams","Clinical FIA-MS","G_SA","selective/all","residual_ljung_box_proportion_significant",0.0995138017565872,"lower",12752,"proportion"
"clinical_fiams","Clinical FIA-MS","G_SA","selective/all","batch_weighted_pc_r2_categorical",0.00194397036013825,"lower",536,"weighted R-squared"
"clinical_fiams","Clinical FIA-MS","G_SA","selective/all","retained_features",1594,"higher",1594,"features"
"clinical_fiams","Clinical FIA-MS","G_SA","selective/all","retained_samples",660,"higher",660,"samples"
"clinical_fiams","Clinical FIA-MS","G_SA","selective/all","runtime_sec",11.034,"lower",1,"seconds"
"clinical_fiams","Clinical FIA-MS","G_SA","selective/all","drift_profiles_corrected",2297,"descriptive",12752,"profiles"
"clinical_fiams","Clinical FIA-MS","G_SA","selective/all","drift_features_corrected",1300,"descriptive",1594,"features"
"clinical_fiams","Clinical FIA-MS","G_SA","selective/all","batch_features_corrected",1594,"descriptive",1594,"features"
"clinical_fiams","Clinical FIA-MS","G_SA","selective/all","biological_weighted_pc_r2",0.799430938875156,"higher",536,"weighted R-squared"
"clinical_fiams","Clinical FIA-MS","G_SA","selective/all","feature_repeatability_ratio_median",0.659676587204692,"higher",1594,"repeatability ratio"
"clinical_fiams","Clinical FIA-MS","G_SA","selective/all","sample_replicate_pearson_median",0.990747147757201,"higher",267,"correlation"
"clinical_fiams","Clinical FIA-MS","G_SA","selective/all","genuine_replicate_icc_median",0.989869506591472,"higher",267,"ICC(A,1)"
"clinical_fiams","Clinical FIA-MS","G_AA","all/all","heldout_qc_cv_mean",13.5134759406473,"lower",1594,"percent"
"clinical_fiams","Clinical FIA-MS","G_AA","all/all","heldout_qc_cv_sd",5.7073634279204,"lower",1594,"percent"
"clinical_fiams","Clinical FIA-MS","G_AA","all/all","heldout_qc_cv_median",12.0965740884015,"lower",1594,"percent"
"clinical_fiams","Clinical FIA-MS","G_AA","all/all","residual_run_order_gam_mean_deviance",0.00519147469752825,"lower",12752,"proportion"
"clinical_fiams","Clinical FIA-MS","G_AA","all/all","residual_run_order_gam_sd_deviance",0.0136419946137286,"lower",12752,"proportion"
"clinical_fiams","Clinical FIA-MS","G_AA","all/all","residual_ljung_box_proportion_significant",0.13409661229611,"lower",12752,"proportion"
"clinical_fiams","Clinical FIA-MS","G_AA","all/all","batch_weighted_pc_r2_categorical",0.000995782155015914,"lower",536,"weighted R-squared"
"clinical_fiams","Clinical FIA-MS","G_AA","all/all","retained_features",1594,"higher",1594,"features"
"clinical_fiams","Clinical FIA-MS","G_AA","all/all","retained_samples",660,"higher",660,"samples"
"clinical_fiams","Clinical FIA-MS","G_AA","all/all","runtime_sec",33.719,"lower",1,"seconds"
"clinical_fiams","Clinical FIA-MS","G_AA","all/all","drift_profiles_corrected",12752,"descriptive",12752,"profiles"
"clinical_fiams","Clinical FIA-MS","G_AA","all/all","drift_features_corrected",1594,"descriptive",1594,"features"
"clinical_fiams","Clinical FIA-MS","G_AA","all/all","batch_features_corrected",1594,"descriptive",1594,"features"
"clinical_fiams","Clinical FIA-MS","G_AA","all/all","biological_weighted_pc_r2",0.779214232228572,"higher",536,"weighted R-squared"
"clinical_fiams","Clinical FIA-MS","G_AA","all/all","feature_repeatability_ratio_median",0.637410705558402,"higher",1594,"repeatability ratio"
"clinical_fiams","Clinical FIA-MS","G_AA","all/all","sample_replicate_pearson_median",0.990914257339101,"higher",267,"correlation"
"clinical_fiams","Clinical FIA-MS","G_AA","all/all","genuine_replicate_icc_median",0.98992385975622,"higher",267,"ICC(A,1)"
"batchcorr_set1","BatchCorr Set 1","G_SS","selective/selective","heldout_qc_cv_mean",26.6652760811313,"lower",199,"percent"
"batchcorr_set1","BatchCorr Set 1","G_SS","selective/selective","heldout_qc_cv_sd",16.1017669031863,"lower",199,"percent"
"batchcorr_set1","BatchCorr Set 1","G_SS","selective/selective","heldout_qc_cv_median",21.6389016588586,"lower",199,"percent"
"batchcorr_set1","BatchCorr Set 1","G_SS","selective/selective","residual_run_order_gam_mean_deviance",0.043772965202549,"lower",1990,"proportion"
"batchcorr_set1","BatchCorr Set 1","G_SS","selective/selective","residual_run_order_gam_sd_deviance",0.0555122121880683,"lower",1990,"proportion"
"batchcorr_set1","BatchCorr Set 1","G_SS","selective/selective","residual_ljung_box_proportion_significant",0.0085427135678392,"lower",1990,"proportion"
"batchcorr_set1","BatchCorr Set 1","G_SS","selective/selective","batch_weighted_pc_r2_categorical",0.000567147968917397,"lower",710,"weighted R-squared"
"batchcorr_set1","BatchCorr Set 1","G_SS","selective/selective","retained_features",199,"higher",199,"features"
"batchcorr_set1","BatchCorr Set 1","G_SS","selective/selective","retained_samples",761,"higher",761,"samples"
"batchcorr_set1","BatchCorr Set 1","G_SS","selective/selective","runtime_sec",1.787,"lower",1,"seconds"
"batchcorr_set1","BatchCorr Set 1","G_SS","selective/selective","drift_profiles_corrected",373,"descriptive",1990,"profiles"
"batchcorr_set1","BatchCorr Set 1","G_SS","selective/selective","drift_features_corrected",150,"descriptive",199,"features"
"batchcorr_set1","BatchCorr Set 1","G_SS","selective/selective","batch_features_corrected",195,"descriptive",199,"features"
"batchcorr_set1","BatchCorr Set 1","G_SS","selective/selective","biological_weighted_pc_r2",0.829484175037435,"higher",710,"weighted R-squared"
"batchcorr_set1","BatchCorr Set 1","G_SS","selective/selective","feature_repeatability_ratio_median",0.695315540683156,"higher",199,"repeatability ratio"
"batchcorr_set1","BatchCorr Set 1","G_SS","selective/selective","sample_replicate_pearson_median",0.957541057965195,"higher",352,"correlation"
"batchcorr_set1","BatchCorr Set 1","G_SS","selective/selective","genuine_replicate_icc_median",0.953917516280415,"higher",352,"ICC(A,1)"
"batchcorr_set1","BatchCorr Set 1","G_SS","selective/selective","biological_associated_features",197,"context",199,"features"
"batchcorr_set1","BatchCorr Set 1","G_AS","all/selective","heldout_qc_cv_mean",28.4664171686162,"lower",199,"percent"
"batchcorr_set1","BatchCorr Set 1","G_AS","all/selective","heldout_qc_cv_sd",15.5588669924787,"lower",199,"percent"
"batchcorr_set1","BatchCorr Set 1","G_AS","all/selective","heldout_qc_cv_median",24.4433577471299,"lower",199,"percent"
"batchcorr_set1","BatchCorr Set 1","G_AS","all/selective","residual_run_order_gam_mean_deviance",0.000826500461473387,"lower",1990,"proportion"
"batchcorr_set1","BatchCorr Set 1","G_AS","all/selective","residual_run_order_gam_sd_deviance",0.00160521216270995,"lower",1990,"proportion"
"batchcorr_set1","BatchCorr Set 1","G_AS","all/selective","residual_ljung_box_proportion_significant",0.0226130653266332,"lower",1990,"proportion"
"batchcorr_set1","BatchCorr Set 1","G_AS","all/selective","batch_weighted_pc_r2_categorical",0.000779443758318777,"lower",710,"weighted R-squared"
"batchcorr_set1","BatchCorr Set 1","G_AS","all/selective","retained_features",199,"higher",199,"features"
"batchcorr_set1","BatchCorr Set 1","G_AS","all/selective","retained_samples",761,"higher",761,"samples"
"batchcorr_set1","BatchCorr Set 1","G_AS","all/selective","runtime_sec",5.123,"lower",1,"seconds"
"batchcorr_set1","BatchCorr Set 1","G_AS","all/selective","drift_profiles_corrected",1990,"descriptive",1990,"profiles"
"batchcorr_set1","BatchCorr Set 1","G_AS","all/selective","drift_features_corrected",199,"descriptive",199,"features"
"batchcorr_set1","BatchCorr Set 1","G_AS","all/selective","batch_features_corrected",196,"descriptive",199,"features"
"batchcorr_set1","BatchCorr Set 1","G_AS","all/selective","biological_weighted_pc_r2",0.812807386397425,"higher",710,"weighted R-squared"
"batchcorr_set1","BatchCorr Set 1","G_AS","all/selective","feature_repeatability_ratio_median",0.682738476706889,"higher",199,"repeatability ratio"
"batchcorr_set1","BatchCorr Set 1","G_AS","all/selective","sample_replicate_pearson_median",0.957378256759523,"higher",352,"correlation"
"batchcorr_set1","BatchCorr Set 1","G_AS","all/selective","genuine_replicate_icc_median",0.953921039363089,"higher",352,"ICC(A,1)"
"batchcorr_set1","BatchCorr Set 1","G_AS","all/selective","biological_associated_features",196,"context",199,"features"
"batchcorr_set1","BatchCorr Set 1","G_SA","selective/all","heldout_qc_cv_mean",26.7656305295088,"lower",199,"percent"
"batchcorr_set1","BatchCorr Set 1","G_SA","selective/all","heldout_qc_cv_sd",16.1415114714907,"lower",199,"percent"
"batchcorr_set1","BatchCorr Set 1","G_SA","selective/all","heldout_qc_cv_median",21.6837490986621,"lower",199,"percent"
"batchcorr_set1","BatchCorr Set 1","G_SA","selective/all","residual_run_order_gam_mean_deviance",0.043732849175648,"lower",1990,"proportion"
"batchcorr_set1","BatchCorr Set 1","G_SA","selective/all","residual_run_order_gam_sd_deviance",0.055466943974921,"lower",1990,"proportion"
"batchcorr_set1","BatchCorr Set 1","G_SA","selective/all","residual_ljung_box_proportion_significant",0.00904522613065327,"lower",1990,"proportion"
"batchcorr_set1","BatchCorr Set 1","G_SA","selective/all","batch_weighted_pc_r2_categorical",0.00050452677871665,"lower",710,"weighted R-squared"
"batchcorr_set1","BatchCorr Set 1","G_SA","selective/all","retained_features",199,"higher",199,"features"
"batchcorr_set1","BatchCorr Set 1","G_SA","selective/all","retained_samples",761,"higher",761,"samples"
"batchcorr_set1","BatchCorr Set 1","G_SA","selective/all","runtime_sec",1.731,"lower",1,"seconds"
"batchcorr_set1","BatchCorr Set 1","G_SA","selective/all","drift_profiles_corrected",373,"descriptive",1990,"profiles"
"batchcorr_set1","BatchCorr Set 1","G_SA","selective/all","drift_features_corrected",150,"descriptive",199,"features"
"batchcorr_set1","BatchCorr Set 1","G_SA","selective/all","batch_features_corrected",199,"descriptive",199,"features"
"batchcorr_set1","BatchCorr Set 1","G_SA","selective/all","biological_weighted_pc_r2",0.829369310301113,"higher",710,"weighted R-squared"
"batchcorr_set1","BatchCorr Set 1","G_SA","selective/all","feature_repeatability_ratio_median",0.695081216990993,"higher",199,"repeatability ratio"
"batchcorr_set1","BatchCorr Set 1","G_SA","selective/all","sample_replicate_pearson_median",0.957090033886896,"higher",352,"correlation"
"batchcorr_set1","BatchCorr Set 1","G_SA","selective/all","genuine_replicate_icc_median",0.953801644472076,"higher",352,"ICC(A,1)"
"batchcorr_set1","BatchCorr Set 1","G_SA","selective/all","biological_associated_features",197,"context",199,"features"
"batchcorr_set1","BatchCorr Set 1","G_AA","all/all","heldout_qc_cv_mean",28.5016433990488,"lower",199,"percent"
"batchcorr_set1","BatchCorr Set 1","G_AA","all/all","heldout_qc_cv_sd",15.5870816657865,"lower",199,"percent"
"batchcorr_set1","BatchCorr Set 1","G_AA","all/all","heldout_qc_cv_median",24.4426790675521,"lower",199,"percent"
"batchcorr_set1","BatchCorr Set 1","G_AA","all/all","residual_run_order_gam_mean_deviance",0.00082464809783633,"lower",1990,"proportion"
"batchcorr_set1","BatchCorr Set 1","G_AA","all/all","residual_run_order_gam_sd_deviance",0.00160510618679957,"lower",1990,"proportion"
"batchcorr_set1","BatchCorr Set 1","G_AA","all/all","residual_ljung_box_proportion_significant",0.0226130653266332,"lower",1990,"proportion"
"batchcorr_set1","BatchCorr Set 1","G_AA","all/all","batch_weighted_pc_r2_categorical",0.000726388982066674,"lower",710,"weighted R-squared"
"batchcorr_set1","BatchCorr Set 1","G_AA","all/all","retained_features",199,"higher",199,"features"
"batchcorr_set1","BatchCorr Set 1","G_AA","all/all","retained_samples",761,"higher",761,"samples"
"batchcorr_set1","BatchCorr Set 1","G_AA","all/all","runtime_sec",5.125,"lower",1,"seconds"
"batchcorr_set1","BatchCorr Set 1","G_AA","all/all","drift_profiles_corrected",1990,"descriptive",1990,"profiles"
"batchcorr_set1","BatchCorr Set 1","G_AA","all/all","drift_features_corrected",199,"descriptive",199,"features"
"batchcorr_set1","BatchCorr Set 1","G_AA","all/all","batch_features_corrected",199,"descriptive",199,"features"
"batchcorr_set1","BatchCorr Set 1","G_AA","all/all","biological_weighted_pc_r2",0.812721013011039,"higher",710,"weighted R-squared"
"batchcorr_set1","BatchCorr Set 1","G_AA","all/all","feature_repeatability_ratio_median",0.682518978311824,"higher",199,"repeatability ratio"
"batchcorr_set1","BatchCorr Set 1","G_AA","all/all","sample_replicate_pearson_median",0.956969722286409,"higher",352,"correlation"
"batchcorr_set1","BatchCorr Set 1","G_AA","all/all","genuine_replicate_icc_median",0.953957258246792,"higher",352,"ICC(A,1)"
"batchcorr_set1","BatchCorr Set 1","G_AA","all/all","biological_associated_features",196,"context",199,"features"
"sacurine","Sacurine","G_SS","selective/selective","heldout_qc_cv_mean",22.421913234801,"lower",113,"percent"
"sacurine","Sacurine","G_SS","selective/selective","heldout_qc_cv_sd",10.0042736885185,"lower",113,"percent"
"sacurine","Sacurine","G_SS","selective/selective","heldout_qc_cv_median",20.7262308662042,"lower",113,"percent"
"sacurine","Sacurine","G_SS","selective/selective","residual_run_order_gam_mean_deviance",0.0520147926987853,"lower",226,"proportion"
"sacurine","Sacurine","G_SS","selective/selective","residual_run_order_gam_sd_deviance",0.0673011809210797,"lower",226,"proportion"
"sacurine","Sacurine","G_SS","selective/selective","residual_ljung_box_proportion_significant",0.0309734513274336,"lower",226,"proportion"
"sacurine","Sacurine","G_SS","selective/selective","batch_weighted_pc_r2_categorical",0.000737747609499402,"lower",184,"weighted R-squared"
"sacurine","Sacurine","G_SS","selective/selective","retained_features",113,"higher",113,"features"
"sacurine","Sacurine","G_SS","selective/selective","retained_samples",210,"higher",210,"samples"
"sacurine","Sacurine","G_SS","selective/selective","runtime_sec",1.119,"lower",1,"seconds"
"sacurine","Sacurine","G_SS","selective/selective","drift_profiles_corrected",44,"descriptive",226,"profiles"
"sacurine","Sacurine","G_SS","selective/selective","drift_features_corrected",37,"descriptive",113,"features"
"sacurine","Sacurine","G_SS","selective/selective","batch_features_corrected",82,"descriptive",113,"features"
"sacurine","Sacurine","G_SS","selective/selective","biological_weighted_pc_r2",0.0457852706905809,"higher",3,"weighted R-squared"
"sacurine","Sacurine","G_SS","selective/selective","biological_associated_features",48,"context",339,"feature-variable tests"
"sacurine","Sacurine","G_SS","selective/selective","cross_batch_effect_pearson_median",0.537221386297552,"higher",3,"correlation"
"sacurine","Sacurine","G_AS","all/selective","heldout_qc_cv_mean",23.5042049558585,"lower",113,"percent"
"sacurine","Sacurine","G_AS","all/selective","heldout_qc_cv_sd",13.13972369563,"lower",113,"percent"
"sacurine","Sacurine","G_AS","all/selective","heldout_qc_cv_median",20.1101016219649,"lower",113,"percent"
"sacurine","Sacurine","G_AS","all/selective","residual_run_order_gam_mean_deviance",0.00452082116102002,"lower",226,"proportion"
"sacurine","Sacurine","G_AS","all/selective","residual_run_order_gam_sd_deviance",0.00802249478855206,"lower",226,"proportion"
"sacurine","Sacurine","G_AS","all/selective","residual_ljung_box_proportion_significant",0.00884955752212389,"lower",226,"proportion"
"sacurine","Sacurine","G_AS","all/selective","batch_weighted_pc_r2_categorical",0.00105850874958049,"lower",184,"weighted R-squared"
"sacurine","Sacurine","G_AS","all/selective","retained_features",113,"higher",113,"features"
"sacurine","Sacurine","G_AS","all/selective","retained_samples",210,"higher",210,"samples"
"sacurine","Sacurine","G_AS","all/selective","runtime_sec",2.481,"lower",1,"seconds"
"sacurine","Sacurine","G_AS","all/selective","drift_profiles_corrected",226,"descriptive",226,"profiles"
"sacurine","Sacurine","G_AS","all/selective","drift_features_corrected",113,"descriptive",113,"features"
"sacurine","Sacurine","G_AS","all/selective","batch_features_corrected",84,"descriptive",113,"features"
"sacurine","Sacurine","G_AS","all/selective","biological_weighted_pc_r2",0.0450719311645159,"higher",3,"weighted R-squared"
"sacurine","Sacurine","G_AS","all/selective","biological_associated_features",49,"context",339,"feature-variable tests"
"sacurine","Sacurine","G_AS","all/selective","cross_batch_effect_pearson_median",0.551099930668215,"higher",3,"correlation"
"sacurine","Sacurine","G_SA","selective/all","heldout_qc_cv_mean",21.9299926994854,"lower",113,"percent"
"sacurine","Sacurine","G_SA","selective/all","heldout_qc_cv_sd",9.48529918475739,"lower",113,"percent"
"sacurine","Sacurine","G_SA","selective/all","heldout_qc_cv_median",20.579994922013,"lower",113,"percent"
"sacurine","Sacurine","G_SA","selective/all","residual_run_order_gam_mean_deviance",0.0523762634412072,"lower",226,"proportion"
"sacurine","Sacurine","G_SA","selective/all","residual_run_order_gam_sd_deviance",0.0678248666680279,"lower",226,"proportion"
"sacurine","Sacurine","G_SA","selective/all","residual_ljung_box_proportion_significant",0.0309734513274336,"lower",226,"proportion"
"sacurine","Sacurine","G_SA","selective/all","batch_weighted_pc_r2_categorical",0.000442153745158434,"lower",184,"weighted R-squared"
"sacurine","Sacurine","G_SA","selective/all","retained_features",113,"higher",113,"features"
"sacurine","Sacurine","G_SA","selective/all","retained_samples",210,"higher",210,"samples"
"sacurine","Sacurine","G_SA","selective/all","runtime_sec",1.127,"lower",1,"seconds"
"sacurine","Sacurine","G_SA","selective/all","drift_profiles_corrected",44,"descriptive",226,"profiles"
"sacurine","Sacurine","G_SA","selective/all","drift_features_corrected",37,"descriptive",113,"features"
"sacurine","Sacurine","G_SA","selective/all","batch_features_corrected",113,"descriptive",113,"features"
"sacurine","Sacurine","G_SA","selective/all","biological_weighted_pc_r2",0.0459713960769054,"higher",3,"weighted R-squared"
"sacurine","Sacurine","G_SA","selective/all","biological_associated_features",48,"context",339,"feature-variable tests"
"sacurine","Sacurine","G_SA","selective/all","cross_batch_effect_pearson_median",0.537207329596118,"higher",3,"correlation"
"sacurine","Sacurine","G_AA","all/all","heldout_qc_cv_mean",22.9626454620396,"lower",113,"percent"
"sacurine","Sacurine","G_AA","all/all","heldout_qc_cv_sd",13.2345168393841,"lower",113,"percent"
"sacurine","Sacurine","G_AA","all/all","heldout_qc_cv_median",19.6126702631388,"lower",113,"percent"
"sacurine","Sacurine","G_AA","all/all","residual_run_order_gam_mean_deviance",0.00483435797740552,"lower",226,"proportion"
"sacurine","Sacurine","G_AA","all/all","residual_run_order_gam_sd_deviance",0.00826134899584249,"lower",226,"proportion"
"sacurine","Sacurine","G_AA","all/all","residual_ljung_box_proportion_significant",0.00884955752212389,"lower",226,"proportion"
"sacurine","Sacurine","G_AA","all/all","batch_weighted_pc_r2_categorical",0.000841918579778785,"lower",184,"weighted R-squared"
"sacurine","Sacurine","G_AA","all/all","retained_features",113,"higher",113,"features"
"sacurine","Sacurine","G_AA","all/all","retained_samples",210,"higher",210,"samples"
"sacurine","Sacurine","G_AA","all/all","runtime_sec",2.461,"lower",1,"seconds"
"sacurine","Sacurine","G_AA","all/all","drift_profiles_corrected",226,"descriptive",226,"profiles"
"sacurine","Sacurine","G_AA","all/all","drift_features_corrected",113,"descriptive",113,"features"
"sacurine","Sacurine","G_AA","all/all","batch_features_corrected",113,"descriptive",113,"features"
"sacurine","Sacurine","G_AA","all/all","biological_weighted_pc_r2",0.0451397139096627,"higher",3,"weighted R-squared"
"sacurine","Sacurine","G_AA","all/all","biological_associated_features",49,"context",339,"feature-variable tests"
"sacurine","Sacurine","G_AA","all/all","cross_batch_effect_pearson_median",0.551496323775515,"higher",3,"correlation"
"waveica","WaveICA","G_SS","selective/selective","heldout_qc_cv_mean",38.3003440498814,"lower",6461,"percent"
"waveica","WaveICA","G_SS","selective/selective","heldout_qc_cv_sd",39.5165917241963,"lower",6461,"percent"
"waveica","WaveICA","G_SS","selective/selective","heldout_qc_cv_median",27.2736232431653,"lower",6461,"percent"
"waveica","WaveICA","G_SS","selective/selective","residual_run_order_gam_mean_deviance",0.0141634445598343,"lower",19383,"proportion"
"waveica","WaveICA","G_SS","selective/selective","residual_run_order_gam_sd_deviance",0.0256953788431241,"lower",19383,"proportion"
"waveica","WaveICA","G_SS","selective/selective","residual_ljung_box_proportion_significant",0.135118402724037,"lower",19383,"proportion"
"waveica","WaveICA","G_SS","selective/selective","batch_weighted_pc_r2_categorical",0.00207900815504909,"lower",568,"weighted R-squared"
"waveica","WaveICA","G_SS","selective/selective","retained_features",6461,"higher",6461,"features"
"waveica","WaveICA","G_SS","selective/selective","retained_samples",642,"higher",642,"samples"
"waveica","WaveICA","G_SS","selective/selective","runtime_sec",45.344,"lower",1,"seconds"
"waveica","WaveICA","G_SS","selective/selective","drift_profiles_corrected",12480,"descriptive",19383,"profiles"
"waveica","WaveICA","G_SS","selective/selective","drift_features_corrected",5675,"descriptive",6461,"features"
"waveica","WaveICA","G_SS","selective/selective","batch_features_corrected",6298,"descriptive",6461,"features"
"waveica","WaveICA","G_SS","selective/selective","biological_weighted_pc_r2",0.0142279960061751,"higher",568,"weighted R-squared"
"waveica","WaveICA","G_SS","selective/selective","biological_associated_features",515,"context",6461,"features"
"waveica","WaveICA","G_SS","selective/selective","cross_batch_effect_pearson_median",0.266637781078006,"higher",3,"correlation"
"waveica","WaveICA","G_AS","all/selective","heldout_qc_cv_mean",38.973854310665,"lower",6461,"percent"
"waveica","WaveICA","G_AS","all/selective","heldout_qc_cv_sd",40.1404373812242,"lower",6461,"percent"
"waveica","WaveICA","G_AS","all/selective","heldout_qc_cv_median",27.5344306874526,"lower",6461,"percent"
"waveica","WaveICA","G_AS","all/selective","residual_run_order_gam_mean_deviance",0.00187501034065054,"lower",19383,"proportion"
"waveica","WaveICA","G_AS","all/selective","residual_run_order_gam_sd_deviance",0.00880851910715437,"lower",19383,"proportion"
"waveica","WaveICA","G_AS","all/selective","residual_ljung_box_proportion_significant",0.135015219522262,"lower",19383,"proportion"
"waveica","WaveICA","G_AS","all/selective","batch_weighted_pc_r2_categorical",0.00148661487004652,"lower",568,"weighted R-squared"
"waveica","WaveICA","G_AS","all/selective","retained_features",6461,"higher",6461,"features"
"waveica","WaveICA","G_AS","all/selective","retained_samples",642,"higher",642,"samples"
"waveica","WaveICA","G_AS","all/selective","runtime_sec",61.763,"lower",1,"seconds"
"waveica","WaveICA","G_AS","all/selective","drift_profiles_corrected",19383,"descriptive",19383,"profiles"
"waveica","WaveICA","G_AS","all/selective","drift_features_corrected",6461,"descriptive",6461,"features"
"waveica","WaveICA","G_AS","all/selective","batch_features_corrected",6304,"descriptive",6461,"features"
"waveica","WaveICA","G_AS","all/selective","biological_weighted_pc_r2",0.0144339199379805,"higher",568,"weighted R-squared"
"waveica","WaveICA","G_AS","all/selective","biological_associated_features",549,"context",6461,"features"
"waveica","WaveICA","G_AS","all/selective","cross_batch_effect_pearson_median",0.270022278327921,"higher",3,"correlation"
"waveica","WaveICA","G_SA","selective/all","heldout_qc_cv_mean",38.2939983950556,"lower",6461,"percent"
"waveica","WaveICA","G_SA","selective/all","heldout_qc_cv_sd",39.5206030193524,"lower",6461,"percent"
"waveica","WaveICA","G_SA","selective/all","heldout_qc_cv_median",27.2469138993001,"lower",6461,"percent"
"waveica","WaveICA","G_SA","selective/all","residual_run_order_gam_mean_deviance",0.0141637417979582,"lower",19383,"proportion"
"waveica","WaveICA","G_SA","selective/all","residual_run_order_gam_sd_deviance",0.0256959470065599,"lower",19383,"proportion"
"waveica","WaveICA","G_SA","selective/all","residual_ljung_box_proportion_significant",0.135066811123149,"lower",19383,"proportion"
"waveica","WaveICA","G_SA","selective/all","batch_weighted_pc_r2_categorical",0.0020631185319165,"lower",568,"weighted R-squared"
"waveica","WaveICA","G_SA","selective/all","retained_features",6461,"higher",6461,"features"
"waveica","WaveICA","G_SA","selective/all","retained_samples",642,"higher",642,"samples"
"waveica","WaveICA","G_SA","selective/all","runtime_sec",44.921,"lower",1,"seconds"
"waveica","WaveICA","G_SA","selective/all","drift_profiles_corrected",12480,"descriptive",19383,"profiles"
"waveica","WaveICA","G_SA","selective/all","drift_features_corrected",5675,"descriptive",6461,"features"
"waveica","WaveICA","G_SA","selective/all","batch_features_corrected",6461,"descriptive",6461,"features"
"waveica","WaveICA","G_SA","selective/all","biological_weighted_pc_r2",0.01422870765154,"higher",568,"weighted R-squared"
"waveica","WaveICA","G_SA","selective/all","biological_associated_features",515,"context",6461,"features"
"waveica","WaveICA","G_SA","selective/all","cross_batch_effect_pearson_median",0.26668278836203,"higher",3,"correlation"
"waveica","WaveICA","G_AA","all/all","heldout_qc_cv_mean",38.9695454458858,"lower",6461,"percent"
"waveica","WaveICA","G_AA","all/all","heldout_qc_cv_sd",40.142041322147,"lower",6461,"percent"
"waveica","WaveICA","G_AA","all/all","heldout_qc_cv_median",27.5321433796179,"lower",6461,"percent"
"waveica","WaveICA","G_AA","all/all","residual_run_order_gam_mean_deviance",0.00187535250880175,"lower",19383,"proportion"
"waveica","WaveICA","G_AA","all/all","residual_run_order_gam_sd_deviance",0.00880913823753104,"lower",19383,"proportion"
"waveica","WaveICA","G_AA","all/all","residual_ljung_box_proportion_significant",0.135015219522262,"lower",19383,"proportion"
"waveica","WaveICA","G_AA","all/all","batch_weighted_pc_r2_categorical",0.0014695177526822,"lower",568,"weighted R-squared"
"waveica","WaveICA","G_AA","all/all","retained_features",6461,"higher",6461,"features"
"waveica","WaveICA","G_AA","all/all","retained_samples",642,"higher",642,"samples"
"waveica","WaveICA","G_AA","all/all","runtime_sec",61.834,"lower",1,"seconds"
"waveica","WaveICA","G_AA","all/all","drift_profiles_corrected",19383,"descriptive",19383,"profiles"
"waveica","WaveICA","G_AA","all/all","drift_features_corrected",6461,"descriptive",6461,"features"
"waveica","WaveICA","G_AA","all/all","batch_features_corrected",6461,"descriptive",6461,"features"
"waveica","WaveICA","G_AA","all/all","biological_weighted_pc_r2",0.0144348910953949,"higher",568,"weighted R-squared"
"waveica","WaveICA","G_AA","all/all","biological_associated_features",549,"context",6461,"features"
"waveica","WaveICA","G_AA","all/all","cross_batch_effect_pearson_median",0.270076397548034,"higher",3,"correlation"
