"dataset_key","dataset","metric","direction","G_SS","G_AS","G_SA","G_AA","selective_drift_benefit","selective_batch_benefit","fully_selective_benefit","contrast_definition"
"simulation","Simulation","heldout_qc_cv_mean","lower",8.76629278513728,10.7950921650205,9.10860426114912,10.9169677941253,2.02879937988322,0.34231147601184,2.15067500898802,"Positive values favor selective correction over the corresponding forced-correction condition."
"simulation","Simulation","heldout_qc_cv_sd","lower",6.24541161559367,5.09851469131674,5.90142525941107,5.06025497581264,-1.14689692427693,-0.3439863561826,-1.18515663978103,"Positive values favor selective correction over the corresponding forced-correction condition."
"simulation","Simulation","heldout_qc_cv_median","lower",7.76573226958891,9.43095014939824,7.85893016567543,9.70138424815032,1.66521787980933,0.0931978960865196,1.93565197856141,"Positive values favor selective correction over the corresponding forced-correction condition."
"simulation","Simulation","residual_run_order_gam_mean_deviance","lower",0.020259360410254,0.000773516898207875,0.0202504886317659,0.000773314503840401,-0.0194858435120461,-8.87177848810095e-06,-0.0194860459064136,"Positive values favor selective correction over the corresponding forced-correction condition."
"simulation","Simulation","residual_run_order_gam_sd_deviance","lower",0.033790592433155,0.00295914512847696,0.0337660629426647,0.00296620240447871,-0.030831447304678,-2.45294904902965e-05,-0.0308243900286763,"Positive values favor selective correction over the corresponding forced-correction condition."
"simulation","Simulation","residual_ljung_box_proportion_significant","lower",0.0078,0.0132,0.0078,0.013,0.0054,0,0.0052,"Positive values favor selective correction over the corresponding forced-correction condition."
"simulation","Simulation","batch_weighted_pc_r2_categorical","lower",0.000984578035653711,0.000850718286039682,9.15272892016977e-05,0.000105489848278708,-0.000133859749614029,-0.000893050746452013,-0.000879088187375003,"Positive values favor selective correction over the corresponding forced-correction condition."
"simulation","Simulation","retained_features","higher",1000,1000,1000,1000,0,0,0,"Positive values favor selective correction over the corresponding forced-correction condition."
"simulation","Simulation","retained_samples","higher",500,500,500,500,0,0,0,"Positive values favor selective correction over the corresponding forced-correction condition."
"simulation","Simulation","runtime_sec","lower",6.119,13.657,5.792,13.973,7.538,-0.327,7.854,"Positive values favor selective correction over the corresponding forced-correction condition."
"simulation","Simulation","drift_profiles_corrected","descriptive",1440,5000,1440,5000,,,,"Positive values favor selective correction over the corresponding forced-correction condition."
"simulation","Simulation","drift_features_corrected","descriptive",655,1000,655,1000,,,,"Positive values favor selective correction over the corresponding forced-correction condition."
"simulation","Simulation","batch_features_corrected","descriptive",725,728,1000,1000,,,,"Positive values favor selective correction over the corresponding forced-correction condition."
"simulation","Simulation","truth_metabolite_profile_icc_mean","higher",0.922101988056287,0.910460210285255,0.921230243391027,0.909547858318861,0.0116417777710319,0.000871744665259966,0.012554129737426,"Positive values favor selective correction over the corresponding forced-correction condition."
"simulation","Simulation","truth_sample_profile_pearson_mean","higher",0.925722367961271,0.914863811819088,0.924797943507282,0.913957044306018,0.010858556142183,0.000924424453989103,0.0117653236552531,"Positive values favor selective correction over the corresponding forced-correction condition."
"simulation","Simulation","truth_log1p_rmse","lower",0.0717656363030658,0.0755212043596487,0.0721145524012737,0.075859055149693,0.00375556805658289,0.000348916098207891,0.0040934188466272,"Positive values favor selective correction over the corresponding forced-correction condition."
"mtbls79","MTBLS79","heldout_qc_cv_mean","lower",16.6785376235596,19.8303472738463,15.9700072181085,19.3110113171568,3.1518096502867,-0.708530405451098,2.6324736935972,"Positive values favor selective correction over the corresponding forced-correction condition."
"mtbls79","MTBLS79","heldout_qc_cv_sd","lower",9.84009169616315,10.5297021007681,9.72836425484772,9.94970090443233,0.68961040460495,-0.111727441315429,0.10960920826918,"Positive values favor selective correction over the corresponding forced-correction condition."
"mtbls79","MTBLS79","heldout_qc_cv_median","lower",14.2477224431198,17.5056258145901,13.4413312879625,17.2530110911805,3.2579033714703,-0.8063911551573,3.0052886480607,"Positive values favor selective correction over the corresponding forced-correction condition."
"mtbls79","MTBLS79","residual_run_order_gam_mean_deviance","lower",0.140078697278888,0.0212930395917055,0.139901896201484,0.0213675974302673,-0.118785657687182,-0.000176801077404004,-0.118711099848621,"Positive values favor selective correction over the corresponding forced-correction condition."
"mtbls79","MTBLS79","residual_run_order_gam_sd_deviance","lower",0.168153066112504,0.0458380731580205,0.168141961932324,0.0459064374124867,-0.122314992954484,-1.11041801799938e-05,-0.122246628700017,"Positive values favor selective correction over the corresponding forced-correction condition."
"mtbls79","MTBLS79","residual_ljung_box_proportion_significant","lower",0.00221061093247588,0.0789288585209003,0.00221061093247588,0.0791800643086817,0.0767182475884244,0,0.0769694533762058,"Positive values favor selective correction over the corresponding forced-correction condition."
"mtbls79","MTBLS79","batch_weighted_pc_r2_categorical","lower",0.0108480104370861,0.00638791838609736,0.0106558279333553,0.00571273868069983,-0.00446009205098874,-0.000192182503730799,-0.00513527175638627,"Positive values favor selective correction over the corresponding forced-correction condition."
"mtbls79","MTBLS79","retained_features","higher",2488,2488,2488,2488,0,0,0,"Positive values favor selective correction over the corresponding forced-correction condition."
"mtbls79","MTBLS79","retained_samples","higher",172,172,172,172,0,0,0,"Positive values favor selective correction over the corresponding forced-correction condition."
"mtbls79","MTBLS79","runtime_sec","lower",7.589,49.703,7.19299999999999,49.407,42.114,-0.396000000000011,41.818,"Positive values favor selective correction over the corresponding forced-correction condition."
"mtbls79","MTBLS79","drift_profiles_corrected","descriptive",52,19904,52,19904,,,,"Positive values favor selective correction over the corresponding forced-correction condition."
"mtbls79","MTBLS79","drift_features_corrected","descriptive",40,2488,40,2488,,,,"Positive values favor selective correction over the corresponding forced-correction condition."
"mtbls79","MTBLS79","batch_features_corrected","descriptive",1860,2060,2488,2488,,,,"Positive values favor selective correction over the corresponding forced-correction condition."
"mtbls79","MTBLS79","biological_weighted_pc_r2","higher",0.471479113913378,0.459601565639676,0.471170085143598,0.459294623758875,0.011877548273702,0.000309028769780006,0.012184490154503,"Positive values favor selective correction over the corresponding forced-correction condition."
"mtbls79","MTBLS79","metabolite_icc_a1_median","higher",0.674414477673406,0.640185554278018,0.681807145737552,0.641333529494254,0.034228923395388,-0.00739266806414596,0.033080948179152,"Positive values favor selective correction over the corresponding forced-correction condition."
"mtbls79","MTBLS79","sample_replicate_pearson_median","higher",0.975436813944675,0.981099298652759,0.976760590417258,0.982157563732513,-0.00566248470808406,-0.00132377647258308,-0.00672074978783799,"Positive values favor selective correction over the corresponding forced-correction condition."
"mtbls79","MTBLS79","biological_associated_features","context",1013,1067,1015,1066,,,,"Positive values favor selective correction over the corresponding forced-correction condition."
"clinical_fiams","Clinical FIA-MS","heldout_qc_cv_mean","lower",12.4044092100879,13.5327320895589,12.3946699037692,13.5134759406473,1.128322879471,-0.0097393063186999,1.1090667305594,"Positive values favor selective correction over the corresponding forced-correction condition."
"clinical_fiams","Clinical FIA-MS","heldout_qc_cv_sd","lower",5.42898031411995,5.73240661941162,5.42319171552939,5.7073634279204,0.30342630529167,-0.00578859859056013,0.278383113800451,"Positive values favor selective correction over the corresponding forced-correction condition."
"clinical_fiams","Clinical FIA-MS","heldout_qc_cv_median","lower",11.0959804156287,12.1052861007706,11.0898980510012,12.0965740884015,1.0093056851419,-0.00608236462750078,1.0005936727728,"Positive values favor selective correction over the corresponding forced-correction condition."
"clinical_fiams","Clinical FIA-MS","residual_run_order_gam_mean_deviance","lower",0.0727686471322973,0.00520013836698004,0.0727630834493838,0.00519147469752825,-0.0675685087653173,-5.56368291350362e-06,-0.0675771724347691,"Positive values favor selective correction over the corresponding forced-correction condition."
"clinical_fiams","Clinical FIA-MS","residual_run_order_gam_sd_deviance","lower",0.0789910500858729,0.0136386634823728,0.0789912534496783,0.0136419946137286,-0.0653523866035001,2.03363805406642e-07,-0.0653490554721443,"Positive values favor selective correction over the corresponding forced-correction condition."
"clinical_fiams","Clinical FIA-MS","residual_ljung_box_proportion_significant","lower",0.0997490589711418,0.134331869510665,0.0995138017565872,0.13409661229611,0.0345828105395232,-0.000235257214554599,0.0343475533249682,"Positive values favor selective correction over the corresponding forced-correction condition."
"clinical_fiams","Clinical FIA-MS","batch_weighted_pc_r2_categorical","lower",0.00205430716992057,0.0010438538305947,0.00194397036013825,0.000995782155015914,-0.00101045333932587,-0.00011033680978232,-0.00105852501490466,"Positive values favor selective correction over the corresponding forced-correction condition."
"clinical_fiams","Clinical FIA-MS","retained_features","higher",1594,1594,1594,1594,0,0,0,"Positive values favor selective correction over the corresponding forced-correction condition."
"clinical_fiams","Clinical FIA-MS","retained_samples","higher",660,660,660,660,0,0,0,"Positive values favor selective correction over the corresponding forced-correction condition."
"clinical_fiams","Clinical FIA-MS","runtime_sec","lower",11.077,33.689,11.034,33.719,22.612,-0.0429999999999993,22.642,"Positive values favor selective correction over the corresponding forced-correction condition."
"clinical_fiams","Clinical FIA-MS","drift_profiles_corrected","descriptive",2297,12752,2297,12752,,,,"Positive values favor selective correction over the corresponding forced-correction condition."
"clinical_fiams","Clinical FIA-MS","drift_features_corrected","descriptive",1300,1594,1300,1594,,,,"Positive values favor selective correction over the corresponding forced-correction condition."
"clinical_fiams","Clinical FIA-MS","batch_features_corrected","descriptive",1506,1524,1594,1594,,,,"Positive values favor selective correction over the corresponding forced-correction condition."
"clinical_fiams","Clinical FIA-MS","biological_weighted_pc_r2","higher",0.799363081954994,0.779111279456564,0.799430938875156,0.779214232228572,0.0202518024984299,-6.78569201620904e-05,0.0201488497264219,"Positive values favor selective correction over the corresponding forced-correction condition."
"clinical_fiams","Clinical FIA-MS","feature_repeatability_ratio_median","higher",0.659272129860823,0.636970558682562,0.659676587204692,0.637410705558402,0.0223015711782609,-0.000404457343869069,0.021861424302421,"Positive values favor selective correction over the corresponding forced-correction condition."
"clinical_fiams","Clinical FIA-MS","sample_replicate_pearson_median","higher",0.990747863696587,0.990870682832852,0.990747147757201,0.990914257339101,-0.000122819136264996,7.15939385997899e-07,-0.000166393642514029,"Positive values favor selective correction over the corresponding forced-correction condition."
"clinical_fiams","Clinical FIA-MS","genuine_replicate_icc_median","higher",0.989834812702034,0.98993063118193,0.989869506591472,0.98992385975622,-9.58184798960371e-05,-3.46938894379978e-05,-8.90470541859978e-05,"Positive values favor selective correction over the corresponding forced-correction condition."
"batchcorr_set1","BatchCorr Set 1","heldout_qc_cv_mean","lower",26.6652760811313,28.4664171686162,26.7656305295088,28.5016433990488,1.8011410874849,0.100354448377502,1.8363673179175,"Positive values favor selective correction over the corresponding forced-correction condition."
"batchcorr_set1","BatchCorr Set 1","heldout_qc_cv_sd","lower",16.1017669031863,15.5588669924787,16.1415114714907,15.5870816657865,-0.542899910707598,0.0397445683043998,-0.514685237399799,"Positive values favor selective correction over the corresponding forced-correction condition."
"batchcorr_set1","BatchCorr Set 1","heldout_qc_cv_median","lower",21.6389016588586,24.4433577471299,21.6837490986621,24.4426790675521,2.8044560882713,0.044847439803501,2.8037774086935,"Positive values favor selective correction over the corresponding forced-correction condition."
"batchcorr_set1","BatchCorr Set 1","residual_run_order_gam_mean_deviance","lower",0.043772965202549,0.000826500461473387,0.043732849175648,0.00082464809783633,-0.0429464647410756,-4.0116026901002e-05,-0.0429483171047127,"Positive values favor selective correction over the corresponding forced-correction condition."
"batchcorr_set1","BatchCorr Set 1","residual_run_order_gam_sd_deviance","lower",0.0555122121880683,0.00160521216270995,0.055466943974921,0.00160510618679957,-0.0539070000253584,-4.52682131472995e-05,-0.0539071060012687,"Positive values favor selective correction over the corresponding forced-correction condition."
"batchcorr_set1","BatchCorr Set 1","residual_ljung_box_proportion_significant","lower",0.0085427135678392,0.0226130653266332,0.00904522613065327,0.0226130653266332,0.014070351758794,0.00050251256281407,0.014070351758794,"Positive values favor selective correction over the corresponding forced-correction condition."
"batchcorr_set1","BatchCorr Set 1","batch_weighted_pc_r2_categorical","lower",0.000567147968917397,0.000779443758318777,0.00050452677871665,0.000726388982066674,0.00021229578940138,-6.2621190200747e-05,0.000159241013149277,"Positive values favor selective correction over the corresponding forced-correction condition."
"batchcorr_set1","BatchCorr Set 1","retained_features","higher",199,199,199,199,0,0,0,"Positive values favor selective correction over the corresponding forced-correction condition."
"batchcorr_set1","BatchCorr Set 1","retained_samples","higher",761,761,761,761,0,0,0,"Positive values favor selective correction over the corresponding forced-correction condition."
"batchcorr_set1","BatchCorr Set 1","runtime_sec","lower",1.787,5.123,1.731,5.125,3.336,-0.0559999999999998,3.338,"Positive values favor selective correction over the corresponding forced-correction condition."
"batchcorr_set1","BatchCorr Set 1","drift_profiles_corrected","descriptive",373,1990,373,1990,,,,"Positive values favor selective correction over the corresponding forced-correction condition."
"batchcorr_set1","BatchCorr Set 1","drift_features_corrected","descriptive",150,199,150,199,,,,"Positive values favor selective correction over the corresponding forced-correction condition."
"batchcorr_set1","BatchCorr Set 1","batch_features_corrected","descriptive",195,196,199,199,,,,"Positive values favor selective correction over the corresponding forced-correction condition."
"batchcorr_set1","BatchCorr Set 1","biological_weighted_pc_r2","higher",0.829484175037435,0.812807386397425,0.829369310301113,0.812721013011039,0.01667678864001,0.00011486473632194,0.0167631620263959,"Positive values favor selective correction over the corresponding forced-correction condition."
"batchcorr_set1","BatchCorr Set 1","feature_repeatability_ratio_median","higher",0.695315540683156,0.682738476706889,0.695081216990993,0.682518978311824,0.012577063976267,0.00023432369216303,0.0127965623713321,"Positive values favor selective correction over the corresponding forced-correction condition."
"batchcorr_set1","BatchCorr Set 1","sample_replicate_pearson_median","higher",0.957541057965195,0.957378256759523,0.957090033886896,0.956969722286409,0.000162801205671914,0.000451024078299,0.000571335678785978,"Positive values favor selective correction over the corresponding forced-correction condition."
"batchcorr_set1","BatchCorr Set 1","genuine_replicate_icc_median","higher",0.953917516280415,0.953921039363089,0.953801644472076,0.953957258246792,-3.52308267403956e-06,0.000115871808338941,-3.9741966377016e-05,"Positive values favor selective correction over the corresponding forced-correction condition."
"batchcorr_set1","BatchCorr Set 1","biological_associated_features","context",197,196,197,196,,,,"Positive values favor selective correction over the corresponding forced-correction condition."
"sacurine","Sacurine","heldout_qc_cv_mean","lower",22.421913234801,23.5042049558585,21.9299926994854,22.9626454620396,1.0822917210575,-0.4919205353156,0.5407322272386,"Positive values favor selective correction over the corresponding forced-correction condition."
"sacurine","Sacurine","heldout_qc_cv_sd","lower",10.0042736885185,13.13972369563,9.48529918475739,13.2345168393841,3.1354500071115,-0.518974503761111,3.2302431508656,"Positive values favor selective correction over the corresponding forced-correction condition."
"sacurine","Sacurine","heldout_qc_cv_median","lower",20.7262308662042,20.1101016219649,20.579994922013,19.6126702631388,-0.6161292442393,-0.146235944191201,-1.1135606030654,"Positive values favor selective correction over the corresponding forced-correction condition."
"sacurine","Sacurine","residual_run_order_gam_mean_deviance","lower",0.0520147926987853,0.00452082116102002,0.0523762634412072,0.00483435797740552,-0.0474939715377653,0.000361470742421904,-0.0471804347213798,"Positive values favor selective correction over the corresponding forced-correction condition."
"sacurine","Sacurine","residual_run_order_gam_sd_deviance","lower",0.0673011809210797,0.00802249478855206,0.0678248666680279,0.00826134899584249,-0.0592786861325276,0.000523685746948194,-0.0590398319252372,"Positive values favor selective correction over the corresponding forced-correction condition."
"sacurine","Sacurine","residual_ljung_box_proportion_significant","lower",0.0309734513274336,0.00884955752212389,0.0309734513274336,0.00884955752212389,-0.0221238938053097,0,-0.0221238938053097,"Positive values favor selective correction over the corresponding forced-correction condition."
"sacurine","Sacurine","batch_weighted_pc_r2_categorical","lower",0.000737747609499402,0.00105850874958049,0.000442153745158434,0.000841918579778785,0.000320761140081088,-0.000295593864340968,0.000104170970279383,"Positive values favor selective correction over the corresponding forced-correction condition."
"sacurine","Sacurine","retained_features","higher",113,113,113,113,0,0,0,"Positive values favor selective correction over the corresponding forced-correction condition."
"sacurine","Sacurine","retained_samples","higher",210,210,210,210,0,0,0,"Positive values favor selective correction over the corresponding forced-correction condition."
"sacurine","Sacurine","runtime_sec","lower",1.119,2.481,1.127,2.461,1.362,0.00800000000000001,1.342,"Positive values favor selective correction over the corresponding forced-correction condition."
"sacurine","Sacurine","drift_profiles_corrected","descriptive",44,226,44,226,,,,"Positive values favor selective correction over the corresponding forced-correction condition."
"sacurine","Sacurine","drift_features_corrected","descriptive",37,113,37,113,,,,"Positive values favor selective correction over the corresponding forced-correction condition."
"sacurine","Sacurine","batch_features_corrected","descriptive",82,84,113,113,,,,"Positive values favor selective correction over the corresponding forced-correction condition."
"sacurine","Sacurine","biological_weighted_pc_r2","higher",0.0457852706905809,0.0450719311645159,0.0459713960769054,0.0451397139096627,0.000713339526065004,-0.000186125386324502,0.000645556780918204,"Positive values favor selective correction over the corresponding forced-correction condition."
"sacurine","Sacurine","biological_associated_features","context",48,49,48,49,,,,"Positive values favor selective correction over the corresponding forced-correction condition."
"sacurine","Sacurine","cross_batch_effect_pearson_median","higher",0.537221386297552,0.551099930668215,0.537207329596118,0.551496323775515,-0.013878544370663,1.4056701433951e-05,-0.014274937477963,"Positive values favor selective correction over the corresponding forced-correction condition."
"waveica","WaveICA","heldout_qc_cv_mean","lower",38.3003440498814,38.973854310665,38.2939983950556,38.9695454458858,0.673510260783594,-0.0063456548258003,0.669201396004397,"Positive values favor selective correction over the corresponding forced-correction condition."
"waveica","WaveICA","heldout_qc_cv_sd","lower",39.5165917241963,40.1404373812242,39.5206030193524,40.142041322147,0.6238456570279,0.00401129515609711,0.625449597950698,"Positive values favor selective correction over the corresponding forced-correction condition."
"waveica","WaveICA","heldout_qc_cv_median","lower",27.2736232431653,27.5344306874526,27.2469138993001,27.5321433796179,0.260807444287298,-0.0267093438651997,0.258520136452599,"Positive values favor selective correction over the corresponding forced-correction condition."
"waveica","WaveICA","residual_run_order_gam_mean_deviance","lower",0.0141634445598343,0.00187501034065054,0.0141637417979582,0.00187535250880175,-0.0122884342191838,2.97238123900603e-07,-0.0122880920510326,"Positive values favor selective correction over the corresponding forced-correction condition."
"waveica","WaveICA","residual_run_order_gam_sd_deviance","lower",0.0256953788431241,0.00880851910715437,0.0256959470065599,0.00880913823753104,-0.0168868597359697,5.68163435799018e-07,-0.0168862406055931,"Positive values favor selective correction over the corresponding forced-correction condition."
"waveica","WaveICA","residual_ljung_box_proportion_significant","lower",0.135118402724037,0.135015219522262,0.135066811123149,0.135015219522262,-0.000103183201774992,-5.15916008879957e-05,-0.000103183201774992,"Positive values favor selective correction over the corresponding forced-correction condition."
"waveica","WaveICA","batch_weighted_pc_r2_categorical","lower",0.00207900815504909,0.00148661487004652,0.0020631185319165,0.0014695177526822,-0.00059239328500257,-1.58896231325901e-05,-0.00060949040236689,"Positive values favor selective correction over the corresponding forced-correction condition."
"waveica","WaveICA","retained_features","higher",6461,6461,6461,6461,0,0,0,"Positive values favor selective correction over the corresponding forced-correction condition."
"waveica","WaveICA","retained_samples","higher",642,642,642,642,0,0,0,"Positive values favor selective correction over the corresponding forced-correction condition."
"waveica","WaveICA","runtime_sec","lower",45.344,61.763,44.921,61.834,16.419,-0.423000000000002,16.49,"Positive values favor selective correction over the corresponding forced-correction condition."
"waveica","WaveICA","drift_profiles_corrected","descriptive",12480,19383,12480,19383,,,,"Positive values favor selective correction over the corresponding forced-correction condition."
"waveica","WaveICA","drift_features_corrected","descriptive",5675,6461,5675,6461,,,,"Positive values favor selective correction over the corresponding forced-correction condition."
"waveica","WaveICA","batch_features_corrected","descriptive",6298,6304,6461,6461,,,,"Positive values favor selective correction over the corresponding forced-correction condition."
"waveica","WaveICA","biological_weighted_pc_r2","higher",0.0142279960061751,0.0144339199379805,0.01422870765154,0.0144348910953949,-0.0002059239318054,-7.11645364899136e-07,-0.0002068950892198,"Positive values favor selective correction over the corresponding forced-correction condition."
"waveica","WaveICA","biological_associated_features","context",515,549,515,549,,,,"Positive values favor selective correction over the corresponding forced-correction condition."
"waveica","WaveICA","cross_batch_effect_pearson_median","higher",0.266637781078006,0.270022278327921,0.26668278836203,0.270076397548034,-0.00338449724991496,-4.50072840240123e-05,-0.00343861647002797,"Positive values favor selective correction over the corresponding forced-correction condition."
