"workstream","seed_id","display_realization","component","seed","prespecified_before_pilot"
"canonical_repeated_simulation","SIM01",TRUE,"clean_truth",202608241,TRUE
"canonical_repeated_simulation","SIM01",TRUE,"batch_assignment",202608251,TRUE
"canonical_repeated_simulation","SIM01",TRUE,"batch_magnitude",202608252,TRUE
"canonical_repeated_simulation","SIM01",TRUE,"drift_assignment",202608261,TRUE
"canonical_repeated_simulation","SIM01",TRUE,"drift_morphology",202608262,TRUE
"canonical_repeated_simulation","SIM01",TRUE,"drift_shape",202608263,TRUE
"canonical_repeated_simulation","SIM01",TRUE,"hidden_reference",202608271,TRUE
"canonical_repeated_simulation","SIM01",TRUE,"phenotype_features",202608281,TRUE
"canonical_repeated_simulation","SIM01",TRUE,"phenotype_allocation",202608282,TRUE
"canonical_repeated_simulation","SIM01",TRUE,"bootstrap",202608291,TRUE
"canonical_repeated_simulation","SIM01",TRUE,"method_rng::Raw",202608331,TRUE
"canonical_repeated_simulation","SIM01",TRUE,"method_rng::ComBat",202608332,TRUE
"canonical_repeated_simulation","SIM01",TRUE,"method_rng::QC-RLSC",202608333,TRUE
"canonical_repeated_simulation","SIM01",TRUE,"method_rng::QC-RFSC",202608334,TRUE
"canonical_repeated_simulation","SIM01",TRUE,"method_rng::TIGER",202608335,TRUE
"canonical_repeated_simulation","SIM01",TRUE,"method_rng::SERRF",202608336,TRUE
"canonical_repeated_simulation","SIM01",TRUE,"method_rng::WINN auto (QC)",202608337,TRUE
"canonical_repeated_simulation","SIM01",TRUE,"method_rng::WINN auto-batch (QC)",202608338,TRUE
"canonical_repeated_simulation","SIM01",TRUE,"method_rng::WINN fixed (QC identities withheld)",202608339,TRUE
"canonical_repeated_simulation","SIM02",FALSE,"clean_truth",202609241,TRUE
"canonical_repeated_simulation","SIM02",FALSE,"batch_assignment",202609251,TRUE
"canonical_repeated_simulation","SIM02",FALSE,"batch_magnitude",202609252,TRUE
"canonical_repeated_simulation","SIM02",FALSE,"drift_assignment",202609261,TRUE
"canonical_repeated_simulation","SIM02",FALSE,"drift_morphology",202609262,TRUE
"canonical_repeated_simulation","SIM02",FALSE,"drift_shape",202609263,TRUE
"canonical_repeated_simulation","SIM02",FALSE,"hidden_reference",202609271,TRUE
"canonical_repeated_simulation","SIM02",FALSE,"phenotype_features",202609281,TRUE
"canonical_repeated_simulation","SIM02",FALSE,"phenotype_allocation",202609282,TRUE
"canonical_repeated_simulation","SIM02",FALSE,"bootstrap",202609291,TRUE
"canonical_repeated_simulation","SIM02",FALSE,"method_rng::Raw",202609331,TRUE
"canonical_repeated_simulation","SIM02",FALSE,"method_rng::ComBat",202609332,TRUE
"canonical_repeated_simulation","SIM02",FALSE,"method_rng::QC-RLSC",202609333,TRUE
"canonical_repeated_simulation","SIM02",FALSE,"method_rng::QC-RFSC",202609334,TRUE
"canonical_repeated_simulation","SIM02",FALSE,"method_rng::TIGER",202609335,TRUE
"canonical_repeated_simulation","SIM02",FALSE,"method_rng::SERRF",202609336,TRUE
"canonical_repeated_simulation","SIM02",FALSE,"method_rng::WINN auto (QC)",202609337,TRUE
"canonical_repeated_simulation","SIM02",FALSE,"method_rng::WINN auto-batch (QC)",202609338,TRUE
"canonical_repeated_simulation","SIM02",FALSE,"method_rng::WINN fixed (QC identities withheld)",202609339,TRUE
"canonical_repeated_simulation","SIM03",FALSE,"clean_truth",202610241,TRUE
"canonical_repeated_simulation","SIM03",FALSE,"batch_assignment",202610251,TRUE
"canonical_repeated_simulation","SIM03",FALSE,"batch_magnitude",202610252,TRUE
"canonical_repeated_simulation","SIM03",FALSE,"drift_assignment",202610261,TRUE
"canonical_repeated_simulation","SIM03",FALSE,"drift_morphology",202610262,TRUE
"canonical_repeated_simulation","SIM03",FALSE,"drift_shape",202610263,TRUE
"canonical_repeated_simulation","SIM03",FALSE,"hidden_reference",202610271,TRUE
"canonical_repeated_simulation","SIM03",FALSE,"phenotype_features",202610281,TRUE
"canonical_repeated_simulation","SIM03",FALSE,"phenotype_allocation",202610282,TRUE
"canonical_repeated_simulation","SIM03",FALSE,"bootstrap",202610291,TRUE
"canonical_repeated_simulation","SIM03",FALSE,"method_rng::Raw",202610331,TRUE
"canonical_repeated_simulation","SIM03",FALSE,"method_rng::ComBat",202610332,TRUE
"canonical_repeated_simulation","SIM03",FALSE,"method_rng::QC-RLSC",202610333,TRUE
"canonical_repeated_simulation","SIM03",FALSE,"method_rng::QC-RFSC",202610334,TRUE
"canonical_repeated_simulation","SIM03",FALSE,"method_rng::TIGER",202610335,TRUE
"canonical_repeated_simulation","SIM03",FALSE,"method_rng::SERRF",202610336,TRUE
"canonical_repeated_simulation","SIM03",FALSE,"method_rng::WINN auto (QC)",202610337,TRUE
"canonical_repeated_simulation","SIM03",FALSE,"method_rng::WINN auto-batch (QC)",202610338,TRUE
"canonical_repeated_simulation","SIM03",FALSE,"method_rng::WINN fixed (QC identities withheld)",202610339,TRUE
"canonical_repeated_simulation","SIM04",FALSE,"clean_truth",202611241,TRUE
"canonical_repeated_simulation","SIM04",FALSE,"batch_assignment",202611251,TRUE
"canonical_repeated_simulation","SIM04",FALSE,"batch_magnitude",202611252,TRUE
"canonical_repeated_simulation","SIM04",FALSE,"drift_assignment",202611261,TRUE
"canonical_repeated_simulation","SIM04",FALSE,"drift_morphology",202611262,TRUE
"canonical_repeated_simulation","SIM04",FALSE,"drift_shape",202611263,TRUE
"canonical_repeated_simulation","SIM04",FALSE,"hidden_reference",202611271,TRUE
"canonical_repeated_simulation","SIM04",FALSE,"phenotype_features",202611281,TRUE
"canonical_repeated_simulation","SIM04",FALSE,"phenotype_allocation",202611282,TRUE
"canonical_repeated_simulation","SIM04",FALSE,"bootstrap",202611291,TRUE
"canonical_repeated_simulation","SIM04",FALSE,"method_rng::Raw",202611331,TRUE
"canonical_repeated_simulation","SIM04",FALSE,"method_rng::ComBat",202611332,TRUE
"canonical_repeated_simulation","SIM04",FALSE,"method_rng::QC-RLSC",202611333,TRUE
"canonical_repeated_simulation","SIM04",FALSE,"method_rng::QC-RFSC",202611334,TRUE
"canonical_repeated_simulation","SIM04",FALSE,"method_rng::TIGER",202611335,TRUE
"canonical_repeated_simulation","SIM04",FALSE,"method_rng::SERRF",202611336,TRUE
"canonical_repeated_simulation","SIM04",FALSE,"method_rng::WINN auto (QC)",202611337,TRUE
"canonical_repeated_simulation","SIM04",FALSE,"method_rng::WINN auto-batch (QC)",202611338,TRUE
"canonical_repeated_simulation","SIM04",FALSE,"method_rng::WINN fixed (QC identities withheld)",202611339,TRUE
"canonical_repeated_simulation","SIM05",FALSE,"clean_truth",202612241,TRUE
"canonical_repeated_simulation","SIM05",FALSE,"batch_assignment",202612251,TRUE
"canonical_repeated_simulation","SIM05",FALSE,"batch_magnitude",202612252,TRUE
"canonical_repeated_simulation","SIM05",FALSE,"drift_assignment",202612261,TRUE
"canonical_repeated_simulation","SIM05",FALSE,"drift_morphology",202612262,TRUE
"canonical_repeated_simulation","SIM05",FALSE,"drift_shape",202612263,TRUE
"canonical_repeated_simulation","SIM05",FALSE,"hidden_reference",202612271,TRUE
"canonical_repeated_simulation","SIM05",FALSE,"phenotype_features",202612281,TRUE
"canonical_repeated_simulation","SIM05",FALSE,"phenotype_allocation",202612282,TRUE
"canonical_repeated_simulation","SIM05",FALSE,"bootstrap",202612291,TRUE
"canonical_repeated_simulation","SIM05",FALSE,"method_rng::Raw",202612331,TRUE
"canonical_repeated_simulation","SIM05",FALSE,"method_rng::ComBat",202612332,TRUE
"canonical_repeated_simulation","SIM05",FALSE,"method_rng::QC-RLSC",202612333,TRUE
"canonical_repeated_simulation","SIM05",FALSE,"method_rng::QC-RFSC",202612334,TRUE
"canonical_repeated_simulation","SIM05",FALSE,"method_rng::TIGER",202612335,TRUE
"canonical_repeated_simulation","SIM05",FALSE,"method_rng::SERRF",202612336,TRUE
"canonical_repeated_simulation","SIM05",FALSE,"method_rng::WINN auto (QC)",202612337,TRUE
"canonical_repeated_simulation","SIM05",FALSE,"method_rng::WINN auto-batch (QC)",202612338,TRUE
"canonical_repeated_simulation","SIM05",FALSE,"method_rng::WINN fixed (QC identities withheld)",202612339,TRUE
"canonical_repeated_simulation","SIM06",FALSE,"clean_truth",202613241,TRUE
"canonical_repeated_simulation","SIM06",FALSE,"batch_assignment",202613251,TRUE
"canonical_repeated_simulation","SIM06",FALSE,"batch_magnitude",202613252,TRUE
"canonical_repeated_simulation","SIM06",FALSE,"drift_assignment",202613261,TRUE
"canonical_repeated_simulation","SIM06",FALSE,"drift_morphology",202613262,TRUE
"canonical_repeated_simulation","SIM06",FALSE,"drift_shape",202613263,TRUE
"canonical_repeated_simulation","SIM06",FALSE,"hidden_reference",202613271,TRUE
"canonical_repeated_simulation","SIM06",FALSE,"phenotype_features",202613281,TRUE
"canonical_repeated_simulation","SIM06",FALSE,"phenotype_allocation",202613282,TRUE
"canonical_repeated_simulation","SIM06",FALSE,"bootstrap",202613291,TRUE
"canonical_repeated_simulation","SIM06",FALSE,"method_rng::Raw",202613331,TRUE
"canonical_repeated_simulation","SIM06",FALSE,"method_rng::ComBat",202613332,TRUE
"canonical_repeated_simulation","SIM06",FALSE,"method_rng::QC-RLSC",202613333,TRUE
"canonical_repeated_simulation","SIM06",FALSE,"method_rng::QC-RFSC",202613334,TRUE
"canonical_repeated_simulation","SIM06",FALSE,"method_rng::TIGER",202613335,TRUE
"canonical_repeated_simulation","SIM06",FALSE,"method_rng::SERRF",202613336,TRUE
"canonical_repeated_simulation","SIM06",FALSE,"method_rng::WINN auto (QC)",202613337,TRUE
"canonical_repeated_simulation","SIM06",FALSE,"method_rng::WINN auto-batch (QC)",202613338,TRUE
"canonical_repeated_simulation","SIM06",FALSE,"method_rng::WINN fixed (QC identities withheld)",202613339,TRUE
"canonical_repeated_simulation","SIM07",FALSE,"clean_truth",202614241,TRUE
"canonical_repeated_simulation","SIM07",FALSE,"batch_assignment",202614251,TRUE
"canonical_repeated_simulation","SIM07",FALSE,"batch_magnitude",202614252,TRUE
"canonical_repeated_simulation","SIM07",FALSE,"drift_assignment",202614261,TRUE
"canonical_repeated_simulation","SIM07",FALSE,"drift_morphology",202614262,TRUE
"canonical_repeated_simulation","SIM07",FALSE,"drift_shape",202614263,TRUE
"canonical_repeated_simulation","SIM07",FALSE,"hidden_reference",202614271,TRUE
"canonical_repeated_simulation","SIM07",FALSE,"phenotype_features",202614281,TRUE
"canonical_repeated_simulation","SIM07",FALSE,"phenotype_allocation",202614282,TRUE
"canonical_repeated_simulation","SIM07",FALSE,"bootstrap",202614291,TRUE
"canonical_repeated_simulation","SIM07",FALSE,"method_rng::Raw",202614331,TRUE
"canonical_repeated_simulation","SIM07",FALSE,"method_rng::ComBat",202614332,TRUE
"canonical_repeated_simulation","SIM07",FALSE,"method_rng::QC-RLSC",202614333,TRUE
"canonical_repeated_simulation","SIM07",FALSE,"method_rng::QC-RFSC",202614334,TRUE
"canonical_repeated_simulation","SIM07",FALSE,"method_rng::TIGER",202614335,TRUE
"canonical_repeated_simulation","SIM07",FALSE,"method_rng::SERRF",202614336,TRUE
"canonical_repeated_simulation","SIM07",FALSE,"method_rng::WINN auto (QC)",202614337,TRUE
"canonical_repeated_simulation","SIM07",FALSE,"method_rng::WINN auto-batch (QC)",202614338,TRUE
"canonical_repeated_simulation","SIM07",FALSE,"method_rng::WINN fixed (QC identities withheld)",202614339,TRUE
"canonical_repeated_simulation","SIM08",FALSE,"clean_truth",202615241,TRUE
"canonical_repeated_simulation","SIM08",FALSE,"batch_assignment",202615251,TRUE
"canonical_repeated_simulation","SIM08",FALSE,"batch_magnitude",202615252,TRUE
"canonical_repeated_simulation","SIM08",FALSE,"drift_assignment",202615261,TRUE
"canonical_repeated_simulation","SIM08",FALSE,"drift_morphology",202615262,TRUE
"canonical_repeated_simulation","SIM08",FALSE,"drift_shape",202615263,TRUE
"canonical_repeated_simulation","SIM08",FALSE,"hidden_reference",202615271,TRUE
"canonical_repeated_simulation","SIM08",FALSE,"phenotype_features",202615281,TRUE
"canonical_repeated_simulation","SIM08",FALSE,"phenotype_allocation",202615282,TRUE
"canonical_repeated_simulation","SIM08",FALSE,"bootstrap",202615291,TRUE
"canonical_repeated_simulation","SIM08",FALSE,"method_rng::Raw",202615331,TRUE
"canonical_repeated_simulation","SIM08",FALSE,"method_rng::ComBat",202615332,TRUE
"canonical_repeated_simulation","SIM08",FALSE,"method_rng::QC-RLSC",202615333,TRUE
"canonical_repeated_simulation","SIM08",FALSE,"method_rng::QC-RFSC",202615334,TRUE
"canonical_repeated_simulation","SIM08",FALSE,"method_rng::TIGER",202615335,TRUE
"canonical_repeated_simulation","SIM08",FALSE,"method_rng::SERRF",202615336,TRUE
"canonical_repeated_simulation","SIM08",FALSE,"method_rng::WINN auto (QC)",202615337,TRUE
"canonical_repeated_simulation","SIM08",FALSE,"method_rng::WINN auto-batch (QC)",202615338,TRUE
"canonical_repeated_simulation","SIM08",FALSE,"method_rng::WINN fixed (QC identities withheld)",202615339,TRUE
"canonical_repeated_simulation","SIM09",FALSE,"clean_truth",202616241,TRUE
"canonical_repeated_simulation","SIM09",FALSE,"batch_assignment",202616251,TRUE
"canonical_repeated_simulation","SIM09",FALSE,"batch_magnitude",202616252,TRUE
"canonical_repeated_simulation","SIM09",FALSE,"drift_assignment",202616261,TRUE
"canonical_repeated_simulation","SIM09",FALSE,"drift_morphology",202616262,TRUE
"canonical_repeated_simulation","SIM09",FALSE,"drift_shape",202616263,TRUE
"canonical_repeated_simulation","SIM09",FALSE,"hidden_reference",202616271,TRUE
"canonical_repeated_simulation","SIM09",FALSE,"phenotype_features",202616281,TRUE
"canonical_repeated_simulation","SIM09",FALSE,"phenotype_allocation",202616282,TRUE
"canonical_repeated_simulation","SIM09",FALSE,"bootstrap",202616291,TRUE
"canonical_repeated_simulation","SIM09",FALSE,"method_rng::Raw",202616331,TRUE
"canonical_repeated_simulation","SIM09",FALSE,"method_rng::ComBat",202616332,TRUE
"canonical_repeated_simulation","SIM09",FALSE,"method_rng::QC-RLSC",202616333,TRUE
"canonical_repeated_simulation","SIM09",FALSE,"method_rng::QC-RFSC",202616334,TRUE
"canonical_repeated_simulation","SIM09",FALSE,"method_rng::TIGER",202616335,TRUE
"canonical_repeated_simulation","SIM09",FALSE,"method_rng::SERRF",202616336,TRUE
"canonical_repeated_simulation","SIM09",FALSE,"method_rng::WINN auto (QC)",202616337,TRUE
"canonical_repeated_simulation","SIM09",FALSE,"method_rng::WINN auto-batch (QC)",202616338,TRUE
"canonical_repeated_simulation","SIM09",FALSE,"method_rng::WINN fixed (QC identities withheld)",202616339,TRUE
"canonical_repeated_simulation","SIM10",FALSE,"clean_truth",202617241,TRUE
"canonical_repeated_simulation","SIM10",FALSE,"batch_assignment",202617251,TRUE
"canonical_repeated_simulation","SIM10",FALSE,"batch_magnitude",202617252,TRUE
"canonical_repeated_simulation","SIM10",FALSE,"drift_assignment",202617261,TRUE
"canonical_repeated_simulation","SIM10",FALSE,"drift_morphology",202617262,TRUE
"canonical_repeated_simulation","SIM10",FALSE,"drift_shape",202617263,TRUE
"canonical_repeated_simulation","SIM10",FALSE,"hidden_reference",202617271,TRUE
"canonical_repeated_simulation","SIM10",FALSE,"phenotype_features",202617281,TRUE
"canonical_repeated_simulation","SIM10",FALSE,"phenotype_allocation",202617282,TRUE
"canonical_repeated_simulation","SIM10",FALSE,"bootstrap",202617291,TRUE
"canonical_repeated_simulation","SIM10",FALSE,"method_rng::Raw",202617331,TRUE
"canonical_repeated_simulation","SIM10",FALSE,"method_rng::ComBat",202617332,TRUE
"canonical_repeated_simulation","SIM10",FALSE,"method_rng::QC-RLSC",202617333,TRUE
"canonical_repeated_simulation","SIM10",FALSE,"method_rng::QC-RFSC",202617334,TRUE
"canonical_repeated_simulation","SIM10",FALSE,"method_rng::TIGER",202617335,TRUE
"canonical_repeated_simulation","SIM10",FALSE,"method_rng::SERRF",202617336,TRUE
"canonical_repeated_simulation","SIM10",FALSE,"method_rng::WINN auto (QC)",202617337,TRUE
"canonical_repeated_simulation","SIM10",FALSE,"method_rng::WINN auto-batch (QC)",202617338,TRUE
"canonical_repeated_simulation","SIM10",FALSE,"method_rng::WINN fixed (QC identities withheld)",202617339,TRUE
"canonical_repeated_simulation","SIM11",FALSE,"clean_truth",202618241,TRUE
"canonical_repeated_simulation","SIM11",FALSE,"batch_assignment",202618251,TRUE
"canonical_repeated_simulation","SIM11",FALSE,"batch_magnitude",202618252,TRUE
"canonical_repeated_simulation","SIM11",FALSE,"drift_assignment",202618261,TRUE
"canonical_repeated_simulation","SIM11",FALSE,"drift_morphology",202618262,TRUE
"canonical_repeated_simulation","SIM11",FALSE,"drift_shape",202618263,TRUE
"canonical_repeated_simulation","SIM11",FALSE,"hidden_reference",202618271,TRUE
"canonical_repeated_simulation","SIM11",FALSE,"phenotype_features",202618281,TRUE
"canonical_repeated_simulation","SIM11",FALSE,"phenotype_allocation",202618282,TRUE
"canonical_repeated_simulation","SIM11",FALSE,"bootstrap",202618291,TRUE
"canonical_repeated_simulation","SIM11",FALSE,"method_rng::Raw",202618331,TRUE
"canonical_repeated_simulation","SIM11",FALSE,"method_rng::ComBat",202618332,TRUE
"canonical_repeated_simulation","SIM11",FALSE,"method_rng::QC-RLSC",202618333,TRUE
"canonical_repeated_simulation","SIM11",FALSE,"method_rng::QC-RFSC",202618334,TRUE
"canonical_repeated_simulation","SIM11",FALSE,"method_rng::TIGER",202618335,TRUE
"canonical_repeated_simulation","SIM11",FALSE,"method_rng::SERRF",202618336,TRUE
"canonical_repeated_simulation","SIM11",FALSE,"method_rng::WINN auto (QC)",202618337,TRUE
"canonical_repeated_simulation","SIM11",FALSE,"method_rng::WINN auto-batch (QC)",202618338,TRUE
"canonical_repeated_simulation","SIM11",FALSE,"method_rng::WINN fixed (QC identities withheld)",202618339,TRUE
"canonical_repeated_simulation","SIM12",FALSE,"clean_truth",202619241,TRUE
"canonical_repeated_simulation","SIM12",FALSE,"batch_assignment",202619251,TRUE
"canonical_repeated_simulation","SIM12",FALSE,"batch_magnitude",202619252,TRUE
"canonical_repeated_simulation","SIM12",FALSE,"drift_assignment",202619261,TRUE
"canonical_repeated_simulation","SIM12",FALSE,"drift_morphology",202619262,TRUE
"canonical_repeated_simulation","SIM12",FALSE,"drift_shape",202619263,TRUE
"canonical_repeated_simulation","SIM12",FALSE,"hidden_reference",202619271,TRUE
"canonical_repeated_simulation","SIM12",FALSE,"phenotype_features",202619281,TRUE
"canonical_repeated_simulation","SIM12",FALSE,"phenotype_allocation",202619282,TRUE
"canonical_repeated_simulation","SIM12",FALSE,"bootstrap",202619291,TRUE
"canonical_repeated_simulation","SIM12",FALSE,"method_rng::Raw",202619331,TRUE
"canonical_repeated_simulation","SIM12",FALSE,"method_rng::ComBat",202619332,TRUE
"canonical_repeated_simulation","SIM12",FALSE,"method_rng::QC-RLSC",202619333,TRUE
"canonical_repeated_simulation","SIM12",FALSE,"method_rng::QC-RFSC",202619334,TRUE
"canonical_repeated_simulation","SIM12",FALSE,"method_rng::TIGER",202619335,TRUE
"canonical_repeated_simulation","SIM12",FALSE,"method_rng::SERRF",202619336,TRUE
"canonical_repeated_simulation","SIM12",FALSE,"method_rng::WINN auto (QC)",202619337,TRUE
"canonical_repeated_simulation","SIM12",FALSE,"method_rng::WINN auto-batch (QC)",202619338,TRUE
"canonical_repeated_simulation","SIM12",FALSE,"method_rng::WINN fixed (QC identities withheld)",202619339,TRUE
"canonical_repeated_simulation","SIM13",FALSE,"clean_truth",202620241,TRUE
"canonical_repeated_simulation","SIM13",FALSE,"batch_assignment",202620251,TRUE
"canonical_repeated_simulation","SIM13",FALSE,"batch_magnitude",202620252,TRUE
"canonical_repeated_simulation","SIM13",FALSE,"drift_assignment",202620261,TRUE
"canonical_repeated_simulation","SIM13",FALSE,"drift_morphology",202620262,TRUE
"canonical_repeated_simulation","SIM13",FALSE,"drift_shape",202620263,TRUE
"canonical_repeated_simulation","SIM13",FALSE,"hidden_reference",202620271,TRUE
"canonical_repeated_simulation","SIM13",FALSE,"phenotype_features",202620281,TRUE
"canonical_repeated_simulation","SIM13",FALSE,"phenotype_allocation",202620282,TRUE
"canonical_repeated_simulation","SIM13",FALSE,"bootstrap",202620291,TRUE
"canonical_repeated_simulation","SIM13",FALSE,"method_rng::Raw",202620331,TRUE
"canonical_repeated_simulation","SIM13",FALSE,"method_rng::ComBat",202620332,TRUE
"canonical_repeated_simulation","SIM13",FALSE,"method_rng::QC-RLSC",202620333,TRUE
"canonical_repeated_simulation","SIM13",FALSE,"method_rng::QC-RFSC",202620334,TRUE
"canonical_repeated_simulation","SIM13",FALSE,"method_rng::TIGER",202620335,TRUE
"canonical_repeated_simulation","SIM13",FALSE,"method_rng::SERRF",202620336,TRUE
"canonical_repeated_simulation","SIM13",FALSE,"method_rng::WINN auto (QC)",202620337,TRUE
"canonical_repeated_simulation","SIM13",FALSE,"method_rng::WINN auto-batch (QC)",202620338,TRUE
"canonical_repeated_simulation","SIM13",FALSE,"method_rng::WINN fixed (QC identities withheld)",202620339,TRUE
"canonical_repeated_simulation","SIM14",FALSE,"clean_truth",202621241,TRUE
"canonical_repeated_simulation","SIM14",FALSE,"batch_assignment",202621251,TRUE
"canonical_repeated_simulation","SIM14",FALSE,"batch_magnitude",202621252,TRUE
"canonical_repeated_simulation","SIM14",FALSE,"drift_assignment",202621261,TRUE
"canonical_repeated_simulation","SIM14",FALSE,"drift_morphology",202621262,TRUE
"canonical_repeated_simulation","SIM14",FALSE,"drift_shape",202621263,TRUE
"canonical_repeated_simulation","SIM14",FALSE,"hidden_reference",202621271,TRUE
"canonical_repeated_simulation","SIM14",FALSE,"phenotype_features",202621281,TRUE
"canonical_repeated_simulation","SIM14",FALSE,"phenotype_allocation",202621282,TRUE
"canonical_repeated_simulation","SIM14",FALSE,"bootstrap",202621291,TRUE
"canonical_repeated_simulation","SIM14",FALSE,"method_rng::Raw",202621331,TRUE
"canonical_repeated_simulation","SIM14",FALSE,"method_rng::ComBat",202621332,TRUE
"canonical_repeated_simulation","SIM14",FALSE,"method_rng::QC-RLSC",202621333,TRUE
"canonical_repeated_simulation","SIM14",FALSE,"method_rng::QC-RFSC",202621334,TRUE
"canonical_repeated_simulation","SIM14",FALSE,"method_rng::TIGER",202621335,TRUE
"canonical_repeated_simulation","SIM14",FALSE,"method_rng::SERRF",202621336,TRUE
"canonical_repeated_simulation","SIM14",FALSE,"method_rng::WINN auto (QC)",202621337,TRUE
"canonical_repeated_simulation","SIM14",FALSE,"method_rng::WINN auto-batch (QC)",202621338,TRUE
"canonical_repeated_simulation","SIM14",FALSE,"method_rng::WINN fixed (QC identities withheld)",202621339,TRUE
"canonical_repeated_simulation","SIM15",FALSE,"clean_truth",202622241,TRUE
"canonical_repeated_simulation","SIM15",FALSE,"batch_assignment",202622251,TRUE
"canonical_repeated_simulation","SIM15",FALSE,"batch_magnitude",202622252,TRUE
"canonical_repeated_simulation","SIM15",FALSE,"drift_assignment",202622261,TRUE
"canonical_repeated_simulation","SIM15",FALSE,"drift_morphology",202622262,TRUE
"canonical_repeated_simulation","SIM15",FALSE,"drift_shape",202622263,TRUE
"canonical_repeated_simulation","SIM15",FALSE,"hidden_reference",202622271,TRUE
"canonical_repeated_simulation","SIM15",FALSE,"phenotype_features",202622281,TRUE
"canonical_repeated_simulation","SIM15",FALSE,"phenotype_allocation",202622282,TRUE
"canonical_repeated_simulation","SIM15",FALSE,"bootstrap",202622291,TRUE
"canonical_repeated_simulation","SIM15",FALSE,"method_rng::Raw",202622331,TRUE
"canonical_repeated_simulation","SIM15",FALSE,"method_rng::ComBat",202622332,TRUE
"canonical_repeated_simulation","SIM15",FALSE,"method_rng::QC-RLSC",202622333,TRUE
"canonical_repeated_simulation","SIM15",FALSE,"method_rng::QC-RFSC",202622334,TRUE
"canonical_repeated_simulation","SIM15",FALSE,"method_rng::TIGER",202622335,TRUE
"canonical_repeated_simulation","SIM15",FALSE,"method_rng::SERRF",202622336,TRUE
"canonical_repeated_simulation","SIM15",FALSE,"method_rng::WINN auto (QC)",202622337,TRUE
"canonical_repeated_simulation","SIM15",FALSE,"method_rng::WINN auto-batch (QC)",202622338,TRUE
"canonical_repeated_simulation","SIM15",FALSE,"method_rng::WINN fixed (QC identities withheld)",202622339,TRUE
"canonical_repeated_simulation","SIM16",FALSE,"clean_truth",202623241,TRUE
"canonical_repeated_simulation","SIM16",FALSE,"batch_assignment",202623251,TRUE
"canonical_repeated_simulation","SIM16",FALSE,"batch_magnitude",202623252,TRUE
"canonical_repeated_simulation","SIM16",FALSE,"drift_assignment",202623261,TRUE
"canonical_repeated_simulation","SIM16",FALSE,"drift_morphology",202623262,TRUE
"canonical_repeated_simulation","SIM16",FALSE,"drift_shape",202623263,TRUE
"canonical_repeated_simulation","SIM16",FALSE,"hidden_reference",202623271,TRUE
"canonical_repeated_simulation","SIM16",FALSE,"phenotype_features",202623281,TRUE
"canonical_repeated_simulation","SIM16",FALSE,"phenotype_allocation",202623282,TRUE
"canonical_repeated_simulation","SIM16",FALSE,"bootstrap",202623291,TRUE
"canonical_repeated_simulation","SIM16",FALSE,"method_rng::Raw",202623331,TRUE
"canonical_repeated_simulation","SIM16",FALSE,"method_rng::ComBat",202623332,TRUE
"canonical_repeated_simulation","SIM16",FALSE,"method_rng::QC-RLSC",202623333,TRUE
"canonical_repeated_simulation","SIM16",FALSE,"method_rng::QC-RFSC",202623334,TRUE
"canonical_repeated_simulation","SIM16",FALSE,"method_rng::TIGER",202623335,TRUE
"canonical_repeated_simulation","SIM16",FALSE,"method_rng::SERRF",202623336,TRUE
"canonical_repeated_simulation","SIM16",FALSE,"method_rng::WINN auto (QC)",202623337,TRUE
"canonical_repeated_simulation","SIM16",FALSE,"method_rng::WINN auto-batch (QC)",202623338,TRUE
"canonical_repeated_simulation","SIM16",FALSE,"method_rng::WINN fixed (QC identities withheld)",202623339,TRUE
"canonical_repeated_simulation","SIM17",FALSE,"clean_truth",202624241,TRUE
"canonical_repeated_simulation","SIM17",FALSE,"batch_assignment",202624251,TRUE
"canonical_repeated_simulation","SIM17",FALSE,"batch_magnitude",202624252,TRUE
"canonical_repeated_simulation","SIM17",FALSE,"drift_assignment",202624261,TRUE
"canonical_repeated_simulation","SIM17",FALSE,"drift_morphology",202624262,TRUE
"canonical_repeated_simulation","SIM17",FALSE,"drift_shape",202624263,TRUE
"canonical_repeated_simulation","SIM17",FALSE,"hidden_reference",202624271,TRUE
"canonical_repeated_simulation","SIM17",FALSE,"phenotype_features",202624281,TRUE
"canonical_repeated_simulation","SIM17",FALSE,"phenotype_allocation",202624282,TRUE
"canonical_repeated_simulation","SIM17",FALSE,"bootstrap",202624291,TRUE
"canonical_repeated_simulation","SIM17",FALSE,"method_rng::Raw",202624331,TRUE
"canonical_repeated_simulation","SIM17",FALSE,"method_rng::ComBat",202624332,TRUE
"canonical_repeated_simulation","SIM17",FALSE,"method_rng::QC-RLSC",202624333,TRUE
"canonical_repeated_simulation","SIM17",FALSE,"method_rng::QC-RFSC",202624334,TRUE
"canonical_repeated_simulation","SIM17",FALSE,"method_rng::TIGER",202624335,TRUE
"canonical_repeated_simulation","SIM17",FALSE,"method_rng::SERRF",202624336,TRUE
"canonical_repeated_simulation","SIM17",FALSE,"method_rng::WINN auto (QC)",202624337,TRUE
"canonical_repeated_simulation","SIM17",FALSE,"method_rng::WINN auto-batch (QC)",202624338,TRUE
"canonical_repeated_simulation","SIM17",FALSE,"method_rng::WINN fixed (QC identities withheld)",202624339,TRUE
"canonical_repeated_simulation","SIM18",FALSE,"clean_truth",202625241,TRUE
"canonical_repeated_simulation","SIM18",FALSE,"batch_assignment",202625251,TRUE
"canonical_repeated_simulation","SIM18",FALSE,"batch_magnitude",202625252,TRUE
"canonical_repeated_simulation","SIM18",FALSE,"drift_assignment",202625261,TRUE
"canonical_repeated_simulation","SIM18",FALSE,"drift_morphology",202625262,TRUE
"canonical_repeated_simulation","SIM18",FALSE,"drift_shape",202625263,TRUE
"canonical_repeated_simulation","SIM18",FALSE,"hidden_reference",202625271,TRUE
"canonical_repeated_simulation","SIM18",FALSE,"phenotype_features",202625281,TRUE
"canonical_repeated_simulation","SIM18",FALSE,"phenotype_allocation",202625282,TRUE
"canonical_repeated_simulation","SIM18",FALSE,"bootstrap",202625291,TRUE
"canonical_repeated_simulation","SIM18",FALSE,"method_rng::Raw",202625331,TRUE
"canonical_repeated_simulation","SIM18",FALSE,"method_rng::ComBat",202625332,TRUE
"canonical_repeated_simulation","SIM18",FALSE,"method_rng::QC-RLSC",202625333,TRUE
"canonical_repeated_simulation","SIM18",FALSE,"method_rng::QC-RFSC",202625334,TRUE
"canonical_repeated_simulation","SIM18",FALSE,"method_rng::TIGER",202625335,TRUE
"canonical_repeated_simulation","SIM18",FALSE,"method_rng::SERRF",202625336,TRUE
"canonical_repeated_simulation","SIM18",FALSE,"method_rng::WINN auto (QC)",202625337,TRUE
"canonical_repeated_simulation","SIM18",FALSE,"method_rng::WINN auto-batch (QC)",202625338,TRUE
"canonical_repeated_simulation","SIM18",FALSE,"method_rng::WINN fixed (QC identities withheld)",202625339,TRUE
"canonical_repeated_simulation","SIM19",FALSE,"clean_truth",202626241,TRUE
"canonical_repeated_simulation","SIM19",FALSE,"batch_assignment",202626251,TRUE
"canonical_repeated_simulation","SIM19",FALSE,"batch_magnitude",202626252,TRUE
"canonical_repeated_simulation","SIM19",FALSE,"drift_assignment",202626261,TRUE
"canonical_repeated_simulation","SIM19",FALSE,"drift_morphology",202626262,TRUE
"canonical_repeated_simulation","SIM19",FALSE,"drift_shape",202626263,TRUE
"canonical_repeated_simulation","SIM19",FALSE,"hidden_reference",202626271,TRUE
"canonical_repeated_simulation","SIM19",FALSE,"phenotype_features",202626281,TRUE
"canonical_repeated_simulation","SIM19",FALSE,"phenotype_allocation",202626282,TRUE
"canonical_repeated_simulation","SIM19",FALSE,"bootstrap",202626291,TRUE
"canonical_repeated_simulation","SIM19",FALSE,"method_rng::Raw",202626331,TRUE
"canonical_repeated_simulation","SIM19",FALSE,"method_rng::ComBat",202626332,TRUE
"canonical_repeated_simulation","SIM19",FALSE,"method_rng::QC-RLSC",202626333,TRUE
"canonical_repeated_simulation","SIM19",FALSE,"method_rng::QC-RFSC",202626334,TRUE
"canonical_repeated_simulation","SIM19",FALSE,"method_rng::TIGER",202626335,TRUE
"canonical_repeated_simulation","SIM19",FALSE,"method_rng::SERRF",202626336,TRUE
"canonical_repeated_simulation","SIM19",FALSE,"method_rng::WINN auto (QC)",202626337,TRUE
"canonical_repeated_simulation","SIM19",FALSE,"method_rng::WINN auto-batch (QC)",202626338,TRUE
"canonical_repeated_simulation","SIM19",FALSE,"method_rng::WINN fixed (QC identities withheld)",202626339,TRUE
"canonical_repeated_simulation","SIM20",FALSE,"clean_truth",202627241,TRUE
"canonical_repeated_simulation","SIM20",FALSE,"batch_assignment",202627251,TRUE
"canonical_repeated_simulation","SIM20",FALSE,"batch_magnitude",202627252,TRUE
"canonical_repeated_simulation","SIM20",FALSE,"drift_assignment",202627261,TRUE
"canonical_repeated_simulation","SIM20",FALSE,"drift_morphology",202627262,TRUE
"canonical_repeated_simulation","SIM20",FALSE,"drift_shape",202627263,TRUE
"canonical_repeated_simulation","SIM20",FALSE,"hidden_reference",202627271,TRUE
"canonical_repeated_simulation","SIM20",FALSE,"phenotype_features",202627281,TRUE
"canonical_repeated_simulation","SIM20",FALSE,"phenotype_allocation",202627282,TRUE
"canonical_repeated_simulation","SIM20",FALSE,"bootstrap",202627291,TRUE
"canonical_repeated_simulation","SIM20",FALSE,"method_rng::Raw",202627331,TRUE
"canonical_repeated_simulation","SIM20",FALSE,"method_rng::ComBat",202627332,TRUE
"canonical_repeated_simulation","SIM20",FALSE,"method_rng::QC-RLSC",202627333,TRUE
"canonical_repeated_simulation","SIM20",FALSE,"method_rng::QC-RFSC",202627334,TRUE
"canonical_repeated_simulation","SIM20",FALSE,"method_rng::TIGER",202627335,TRUE
"canonical_repeated_simulation","SIM20",FALSE,"method_rng::SERRF",202627336,TRUE
"canonical_repeated_simulation","SIM20",FALSE,"method_rng::WINN auto (QC)",202627337,TRUE
"canonical_repeated_simulation","SIM20",FALSE,"method_rng::WINN auto-batch (QC)",202627338,TRUE
"canonical_repeated_simulation","SIM20",FALSE,"method_rng::WINN fixed (QC identities withheld)",202627339,TRUE
"canonical_repeated_simulation","SIM21",FALSE,"clean_truth",202628241,TRUE
"canonical_repeated_simulation","SIM21",FALSE,"batch_assignment",202628251,TRUE
"canonical_repeated_simulation","SIM21",FALSE,"batch_magnitude",202628252,TRUE
"canonical_repeated_simulation","SIM21",FALSE,"drift_assignment",202628261,TRUE
"canonical_repeated_simulation","SIM21",FALSE,"drift_morphology",202628262,TRUE
"canonical_repeated_simulation","SIM21",FALSE,"drift_shape",202628263,TRUE
"canonical_repeated_simulation","SIM21",FALSE,"hidden_reference",202628271,TRUE
"canonical_repeated_simulation","SIM21",FALSE,"phenotype_features",202628281,TRUE
"canonical_repeated_simulation","SIM21",FALSE,"phenotype_allocation",202628282,TRUE
"canonical_repeated_simulation","SIM21",FALSE,"bootstrap",202628291,TRUE
"canonical_repeated_simulation","SIM21",FALSE,"method_rng::Raw",202628331,TRUE
"canonical_repeated_simulation","SIM21",FALSE,"method_rng::ComBat",202628332,TRUE
"canonical_repeated_simulation","SIM21",FALSE,"method_rng::QC-RLSC",202628333,TRUE
"canonical_repeated_simulation","SIM21",FALSE,"method_rng::QC-RFSC",202628334,TRUE
"canonical_repeated_simulation","SIM21",FALSE,"method_rng::TIGER",202628335,TRUE
"canonical_repeated_simulation","SIM21",FALSE,"method_rng::SERRF",202628336,TRUE
"canonical_repeated_simulation","SIM21",FALSE,"method_rng::WINN auto (QC)",202628337,TRUE
"canonical_repeated_simulation","SIM21",FALSE,"method_rng::WINN auto-batch (QC)",202628338,TRUE
"canonical_repeated_simulation","SIM21",FALSE,"method_rng::WINN fixed (QC identities withheld)",202628339,TRUE
"canonical_repeated_simulation","SIM22",FALSE,"clean_truth",202629241,TRUE
"canonical_repeated_simulation","SIM22",FALSE,"batch_assignment",202629251,TRUE
"canonical_repeated_simulation","SIM22",FALSE,"batch_magnitude",202629252,TRUE
"canonical_repeated_simulation","SIM22",FALSE,"drift_assignment",202629261,TRUE
"canonical_repeated_simulation","SIM22",FALSE,"drift_morphology",202629262,TRUE
"canonical_repeated_simulation","SIM22",FALSE,"drift_shape",202629263,TRUE
"canonical_repeated_simulation","SIM22",FALSE,"hidden_reference",202629271,TRUE
"canonical_repeated_simulation","SIM22",FALSE,"phenotype_features",202629281,TRUE
"canonical_repeated_simulation","SIM22",FALSE,"phenotype_allocation",202629282,TRUE
"canonical_repeated_simulation","SIM22",FALSE,"bootstrap",202629291,TRUE
"canonical_repeated_simulation","SIM22",FALSE,"method_rng::Raw",202629331,TRUE
"canonical_repeated_simulation","SIM22",FALSE,"method_rng::ComBat",202629332,TRUE
"canonical_repeated_simulation","SIM22",FALSE,"method_rng::QC-RLSC",202629333,TRUE
"canonical_repeated_simulation","SIM22",FALSE,"method_rng::QC-RFSC",202629334,TRUE
"canonical_repeated_simulation","SIM22",FALSE,"method_rng::TIGER",202629335,TRUE
"canonical_repeated_simulation","SIM22",FALSE,"method_rng::SERRF",202629336,TRUE
"canonical_repeated_simulation","SIM22",FALSE,"method_rng::WINN auto (QC)",202629337,TRUE
"canonical_repeated_simulation","SIM22",FALSE,"method_rng::WINN auto-batch (QC)",202629338,TRUE
"canonical_repeated_simulation","SIM22",FALSE,"method_rng::WINN fixed (QC identities withheld)",202629339,TRUE
"canonical_repeated_simulation","SIM23",FALSE,"clean_truth",202630241,TRUE
"canonical_repeated_simulation","SIM23",FALSE,"batch_assignment",202630251,TRUE
"canonical_repeated_simulation","SIM23",FALSE,"batch_magnitude",202630252,TRUE
"canonical_repeated_simulation","SIM23",FALSE,"drift_assignment",202630261,TRUE
"canonical_repeated_simulation","SIM23",FALSE,"drift_morphology",202630262,TRUE
"canonical_repeated_simulation","SIM23",FALSE,"drift_shape",202630263,TRUE
"canonical_repeated_simulation","SIM23",FALSE,"hidden_reference",202630271,TRUE
"canonical_repeated_simulation","SIM23",FALSE,"phenotype_features",202630281,TRUE
"canonical_repeated_simulation","SIM23",FALSE,"phenotype_allocation",202630282,TRUE
"canonical_repeated_simulation","SIM23",FALSE,"bootstrap",202630291,TRUE
"canonical_repeated_simulation","SIM23",FALSE,"method_rng::Raw",202630331,TRUE
"canonical_repeated_simulation","SIM23",FALSE,"method_rng::ComBat",202630332,TRUE
"canonical_repeated_simulation","SIM23",FALSE,"method_rng::QC-RLSC",202630333,TRUE
"canonical_repeated_simulation","SIM23",FALSE,"method_rng::QC-RFSC",202630334,TRUE
"canonical_repeated_simulation","SIM23",FALSE,"method_rng::TIGER",202630335,TRUE
"canonical_repeated_simulation","SIM23",FALSE,"method_rng::SERRF",202630336,TRUE
"canonical_repeated_simulation","SIM23",FALSE,"method_rng::WINN auto (QC)",202630337,TRUE
"canonical_repeated_simulation","SIM23",FALSE,"method_rng::WINN auto-batch (QC)",202630338,TRUE
"canonical_repeated_simulation","SIM23",FALSE,"method_rng::WINN fixed (QC identities withheld)",202630339,TRUE
"canonical_repeated_simulation","SIM24",FALSE,"clean_truth",202631241,TRUE
"canonical_repeated_simulation","SIM24",FALSE,"batch_assignment",202631251,TRUE
"canonical_repeated_simulation","SIM24",FALSE,"batch_magnitude",202631252,TRUE
"canonical_repeated_simulation","SIM24",FALSE,"drift_assignment",202631261,TRUE
"canonical_repeated_simulation","SIM24",FALSE,"drift_morphology",202631262,TRUE
"canonical_repeated_simulation","SIM24",FALSE,"drift_shape",202631263,TRUE
"canonical_repeated_simulation","SIM24",FALSE,"hidden_reference",202631271,TRUE
"canonical_repeated_simulation","SIM24",FALSE,"phenotype_features",202631281,TRUE
"canonical_repeated_simulation","SIM24",FALSE,"phenotype_allocation",202631282,TRUE
"canonical_repeated_simulation","SIM24",FALSE,"bootstrap",202631291,TRUE
"canonical_repeated_simulation","SIM24",FALSE,"method_rng::Raw",202631331,TRUE
"canonical_repeated_simulation","SIM24",FALSE,"method_rng::ComBat",202631332,TRUE
"canonical_repeated_simulation","SIM24",FALSE,"method_rng::QC-RLSC",202631333,TRUE
"canonical_repeated_simulation","SIM24",FALSE,"method_rng::QC-RFSC",202631334,TRUE
"canonical_repeated_simulation","SIM24",FALSE,"method_rng::TIGER",202631335,TRUE
"canonical_repeated_simulation","SIM24",FALSE,"method_rng::SERRF",202631336,TRUE
"canonical_repeated_simulation","SIM24",FALSE,"method_rng::WINN auto (QC)",202631337,TRUE
"canonical_repeated_simulation","SIM24",FALSE,"method_rng::WINN auto-batch (QC)",202631338,TRUE
"canonical_repeated_simulation","SIM24",FALSE,"method_rng::WINN fixed (QC identities withheld)",202631339,TRUE
"canonical_repeated_simulation","SIM25",FALSE,"clean_truth",202632241,TRUE
"canonical_repeated_simulation","SIM25",FALSE,"batch_assignment",202632251,TRUE
"canonical_repeated_simulation","SIM25",FALSE,"batch_magnitude",202632252,TRUE
"canonical_repeated_simulation","SIM25",FALSE,"drift_assignment",202632261,TRUE
"canonical_repeated_simulation","SIM25",FALSE,"drift_morphology",202632262,TRUE
"canonical_repeated_simulation","SIM25",FALSE,"drift_shape",202632263,TRUE
"canonical_repeated_simulation","SIM25",FALSE,"hidden_reference",202632271,TRUE
"canonical_repeated_simulation","SIM25",FALSE,"phenotype_features",202632281,TRUE
"canonical_repeated_simulation","SIM25",FALSE,"phenotype_allocation",202632282,TRUE
"canonical_repeated_simulation","SIM25",FALSE,"bootstrap",202632291,TRUE
"canonical_repeated_simulation","SIM25",FALSE,"method_rng::Raw",202632331,TRUE
"canonical_repeated_simulation","SIM25",FALSE,"method_rng::ComBat",202632332,TRUE
"canonical_repeated_simulation","SIM25",FALSE,"method_rng::QC-RLSC",202632333,TRUE
"canonical_repeated_simulation","SIM25",FALSE,"method_rng::QC-RFSC",202632334,TRUE
"canonical_repeated_simulation","SIM25",FALSE,"method_rng::TIGER",202632335,TRUE
"canonical_repeated_simulation","SIM25",FALSE,"method_rng::SERRF",202632336,TRUE
"canonical_repeated_simulation","SIM25",FALSE,"method_rng::WINN auto (QC)",202632337,TRUE
"canonical_repeated_simulation","SIM25",FALSE,"method_rng::WINN auto-batch (QC)",202632338,TRUE
"canonical_repeated_simulation","SIM25",FALSE,"method_rng::WINN fixed (QC identities withheld)",202632339,TRUE
"canonical_repeated_simulation","SIM26",FALSE,"clean_truth",202633241,TRUE
"canonical_repeated_simulation","SIM26",FALSE,"batch_assignment",202633251,TRUE
"canonical_repeated_simulation","SIM26",FALSE,"batch_magnitude",202633252,TRUE
"canonical_repeated_simulation","SIM26",FALSE,"drift_assignment",202633261,TRUE
"canonical_repeated_simulation","SIM26",FALSE,"drift_morphology",202633262,TRUE
"canonical_repeated_simulation","SIM26",FALSE,"drift_shape",202633263,TRUE
"canonical_repeated_simulation","SIM26",FALSE,"hidden_reference",202633271,TRUE
"canonical_repeated_simulation","SIM26",FALSE,"phenotype_features",202633281,TRUE
"canonical_repeated_simulation","SIM26",FALSE,"phenotype_allocation",202633282,TRUE
"canonical_repeated_simulation","SIM26",FALSE,"bootstrap",202633291,TRUE
"canonical_repeated_simulation","SIM26",FALSE,"method_rng::Raw",202633331,TRUE
"canonical_repeated_simulation","SIM26",FALSE,"method_rng::ComBat",202633332,TRUE
"canonical_repeated_simulation","SIM26",FALSE,"method_rng::QC-RLSC",202633333,TRUE
"canonical_repeated_simulation","SIM26",FALSE,"method_rng::QC-RFSC",202633334,TRUE
"canonical_repeated_simulation","SIM26",FALSE,"method_rng::TIGER",202633335,TRUE
"canonical_repeated_simulation","SIM26",FALSE,"method_rng::SERRF",202633336,TRUE
"canonical_repeated_simulation","SIM26",FALSE,"method_rng::WINN auto (QC)",202633337,TRUE
"canonical_repeated_simulation","SIM26",FALSE,"method_rng::WINN auto-batch (QC)",202633338,TRUE
"canonical_repeated_simulation","SIM26",FALSE,"method_rng::WINN fixed (QC identities withheld)",202633339,TRUE
"canonical_repeated_simulation","SIM27",FALSE,"clean_truth",202634241,TRUE
"canonical_repeated_simulation","SIM27",FALSE,"batch_assignment",202634251,TRUE
"canonical_repeated_simulation","SIM27",FALSE,"batch_magnitude",202634252,TRUE
"canonical_repeated_simulation","SIM27",FALSE,"drift_assignment",202634261,TRUE
"canonical_repeated_simulation","SIM27",FALSE,"drift_morphology",202634262,TRUE
"canonical_repeated_simulation","SIM27",FALSE,"drift_shape",202634263,TRUE
"canonical_repeated_simulation","SIM27",FALSE,"hidden_reference",202634271,TRUE
"canonical_repeated_simulation","SIM27",FALSE,"phenotype_features",202634281,TRUE
"canonical_repeated_simulation","SIM27",FALSE,"phenotype_allocation",202634282,TRUE
"canonical_repeated_simulation","SIM27",FALSE,"bootstrap",202634291,TRUE
"canonical_repeated_simulation","SIM27",FALSE,"method_rng::Raw",202634331,TRUE
"canonical_repeated_simulation","SIM27",FALSE,"method_rng::ComBat",202634332,TRUE
"canonical_repeated_simulation","SIM27",FALSE,"method_rng::QC-RLSC",202634333,TRUE
"canonical_repeated_simulation","SIM27",FALSE,"method_rng::QC-RFSC",202634334,TRUE
"canonical_repeated_simulation","SIM27",FALSE,"method_rng::TIGER",202634335,TRUE
"canonical_repeated_simulation","SIM27",FALSE,"method_rng::SERRF",202634336,TRUE
"canonical_repeated_simulation","SIM27",FALSE,"method_rng::WINN auto (QC)",202634337,TRUE
"canonical_repeated_simulation","SIM27",FALSE,"method_rng::WINN auto-batch (QC)",202634338,TRUE
"canonical_repeated_simulation","SIM27",FALSE,"method_rng::WINN fixed (QC identities withheld)",202634339,TRUE
"canonical_repeated_simulation","SIM28",FALSE,"clean_truth",202635241,TRUE
"canonical_repeated_simulation","SIM28",FALSE,"batch_assignment",202635251,TRUE
"canonical_repeated_simulation","SIM28",FALSE,"batch_magnitude",202635252,TRUE
"canonical_repeated_simulation","SIM28",FALSE,"drift_assignment",202635261,TRUE
"canonical_repeated_simulation","SIM28",FALSE,"drift_morphology",202635262,TRUE
"canonical_repeated_simulation","SIM28",FALSE,"drift_shape",202635263,TRUE
"canonical_repeated_simulation","SIM28",FALSE,"hidden_reference",202635271,TRUE
"canonical_repeated_simulation","SIM28",FALSE,"phenotype_features",202635281,TRUE
"canonical_repeated_simulation","SIM28",FALSE,"phenotype_allocation",202635282,TRUE
"canonical_repeated_simulation","SIM28",FALSE,"bootstrap",202635291,TRUE
"canonical_repeated_simulation","SIM28",FALSE,"method_rng::Raw",202635331,TRUE
"canonical_repeated_simulation","SIM28",FALSE,"method_rng::ComBat",202635332,TRUE
"canonical_repeated_simulation","SIM28",FALSE,"method_rng::QC-RLSC",202635333,TRUE
"canonical_repeated_simulation","SIM28",FALSE,"method_rng::QC-RFSC",202635334,TRUE
"canonical_repeated_simulation","SIM28",FALSE,"method_rng::TIGER",202635335,TRUE
"canonical_repeated_simulation","SIM28",FALSE,"method_rng::SERRF",202635336,TRUE
"canonical_repeated_simulation","SIM28",FALSE,"method_rng::WINN auto (QC)",202635337,TRUE
"canonical_repeated_simulation","SIM28",FALSE,"method_rng::WINN auto-batch (QC)",202635338,TRUE
"canonical_repeated_simulation","SIM28",FALSE,"method_rng::WINN fixed (QC identities withheld)",202635339,TRUE
"canonical_repeated_simulation","SIM29",FALSE,"clean_truth",202636241,TRUE
"canonical_repeated_simulation","SIM29",FALSE,"batch_assignment",202636251,TRUE
"canonical_repeated_simulation","SIM29",FALSE,"batch_magnitude",202636252,TRUE
"canonical_repeated_simulation","SIM29",FALSE,"drift_assignment",202636261,TRUE
"canonical_repeated_simulation","SIM29",FALSE,"drift_morphology",202636262,TRUE
"canonical_repeated_simulation","SIM29",FALSE,"drift_shape",202636263,TRUE
"canonical_repeated_simulation","SIM29",FALSE,"hidden_reference",202636271,TRUE
"canonical_repeated_simulation","SIM29",FALSE,"phenotype_features",202636281,TRUE
"canonical_repeated_simulation","SIM29",FALSE,"phenotype_allocation",202636282,TRUE
"canonical_repeated_simulation","SIM29",FALSE,"bootstrap",202636291,TRUE
"canonical_repeated_simulation","SIM29",FALSE,"method_rng::Raw",202636331,TRUE
"canonical_repeated_simulation","SIM29",FALSE,"method_rng::ComBat",202636332,TRUE
"canonical_repeated_simulation","SIM29",FALSE,"method_rng::QC-RLSC",202636333,TRUE
"canonical_repeated_simulation","SIM29",FALSE,"method_rng::QC-RFSC",202636334,TRUE
"canonical_repeated_simulation","SIM29",FALSE,"method_rng::TIGER",202636335,TRUE
"canonical_repeated_simulation","SIM29",FALSE,"method_rng::SERRF",202636336,TRUE
"canonical_repeated_simulation","SIM29",FALSE,"method_rng::WINN auto (QC)",202636337,TRUE
"canonical_repeated_simulation","SIM29",FALSE,"method_rng::WINN auto-batch (QC)",202636338,TRUE
"canonical_repeated_simulation","SIM29",FALSE,"method_rng::WINN fixed (QC identities withheld)",202636339,TRUE
"canonical_repeated_simulation","SIM30",FALSE,"clean_truth",202637241,TRUE
"canonical_repeated_simulation","SIM30",FALSE,"batch_assignment",202637251,TRUE
"canonical_repeated_simulation","SIM30",FALSE,"batch_magnitude",202637252,TRUE
"canonical_repeated_simulation","SIM30",FALSE,"drift_assignment",202637261,TRUE
"canonical_repeated_simulation","SIM30",FALSE,"drift_morphology",202637262,TRUE
"canonical_repeated_simulation","SIM30",FALSE,"drift_shape",202637263,TRUE
"canonical_repeated_simulation","SIM30",FALSE,"hidden_reference",202637271,TRUE
"canonical_repeated_simulation","SIM30",FALSE,"phenotype_features",202637281,TRUE
"canonical_repeated_simulation","SIM30",FALSE,"phenotype_allocation",202637282,TRUE
"canonical_repeated_simulation","SIM30",FALSE,"bootstrap",202637291,TRUE
"canonical_repeated_simulation","SIM30",FALSE,"method_rng::Raw",202637331,TRUE
"canonical_repeated_simulation","SIM30",FALSE,"method_rng::ComBat",202637332,TRUE
"canonical_repeated_simulation","SIM30",FALSE,"method_rng::QC-RLSC",202637333,TRUE
"canonical_repeated_simulation","SIM30",FALSE,"method_rng::QC-RFSC",202637334,TRUE
"canonical_repeated_simulation","SIM30",FALSE,"method_rng::TIGER",202637335,TRUE
"canonical_repeated_simulation","SIM30",FALSE,"method_rng::SERRF",202637336,TRUE
"canonical_repeated_simulation","SIM30",FALSE,"method_rng::WINN auto (QC)",202637337,TRUE
"canonical_repeated_simulation","SIM30",FALSE,"method_rng::WINN auto-batch (QC)",202637338,TRUE
"canonical_repeated_simulation","SIM30",FALSE,"method_rng::WINN fixed (QC identities withheld)",202637339,TRUE
"reference_split_stability","SPLIT01",FALSE,"constrained_reference_assignment",202608001,TRUE
"reference_split_stability","SPLIT02",FALSE,"constrained_reference_assignment",202608002,TRUE
"reference_split_stability","SPLIT03",FALSE,"constrained_reference_assignment",202608003,TRUE
"reference_split_stability","SPLIT04",FALSE,"constrained_reference_assignment",202608004,TRUE
"reference_split_stability","SPLIT05",FALSE,"constrained_reference_assignment",202608005,TRUE
"reference_split_stability","SPLIT06",FALSE,"constrained_reference_assignment",202608006,TRUE
"reference_split_stability","SPLIT07",FALSE,"constrained_reference_assignment",202608007,TRUE
"reference_split_stability","SPLIT08",FALSE,"constrained_reference_assignment",202608008,TRUE
"reference_split_stability","SPLIT09",FALSE,"constrained_reference_assignment",202608009,TRUE
"reference_split_stability","SPLIT10",FALSE,"constrained_reference_assignment",202608010,TRUE
"reference_split_stability","SPLIT11",FALSE,"constrained_reference_assignment",202608011,TRUE
"reference_split_stability","SPLIT12",FALSE,"constrained_reference_assignment",202608012,TRUE
"reference_split_stability","SPLIT13",FALSE,"constrained_reference_assignment",202608013,TRUE
"reference_split_stability","SPLIT14",FALSE,"constrained_reference_assignment",202608014,TRUE
"reference_split_stability","SPLIT15",FALSE,"constrained_reference_assignment",202608015,TRUE
"reference_split_stability","SPLIT16",FALSE,"constrained_reference_assignment",202608016,TRUE
"reference_split_stability","SPLIT17",FALSE,"constrained_reference_assignment",202608017,TRUE
"reference_split_stability","SPLIT18",FALSE,"constrained_reference_assignment",202608018,TRUE
"reference_split_stability","SPLIT19",FALSE,"constrained_reference_assignment",202608019,TRUE
"reference_split_stability","SPLIT20",FALSE,"constrained_reference_assignment",202608020,TRUE
"reference_split_stability","SPLIT21",FALSE,"constrained_reference_assignment",202608021,TRUE
"reference_split_stability","SPLIT22",FALSE,"constrained_reference_assignment",202608022,TRUE
"reference_split_stability","SPLIT23",FALSE,"constrained_reference_assignment",202608023,TRUE
"reference_split_stability","SPLIT24",FALSE,"constrained_reference_assignment",202608024,TRUE
"reference_split_stability","SPLIT25",FALSE,"constrained_reference_assignment",202608025,TRUE
"reference_split_stability","SPLIT26",FALSE,"constrained_reference_assignment",202608026,TRUE
"reference_split_stability","SPLIT27",FALSE,"constrained_reference_assignment",202608027,TRUE
"reference_split_stability","SPLIT28",FALSE,"constrained_reference_assignment",202608028,TRUE
"reference_split_stability","SPLIT29",FALSE,"constrained_reference_assignment",202608029,TRUE
"reference_split_stability","SPLIT30",FALSE,"constrained_reference_assignment",202608030,TRUE
"partial_confounding","CONF01",TRUE,"paired_phenotype_allocation",202609001,TRUE
"partial_confounding","CONF02",FALSE,"paired_phenotype_allocation",202609002,TRUE
"partial_confounding","CONF03",FALSE,"paired_phenotype_allocation",202609003,TRUE
"partial_confounding","CONF04",FALSE,"paired_phenotype_allocation",202609004,TRUE
"partial_confounding","CONF05",FALSE,"paired_phenotype_allocation",202609005,TRUE
"partial_confounding","CONF06",FALSE,"paired_phenotype_allocation",202609006,TRUE
"partial_confounding","CONF07",FALSE,"paired_phenotype_allocation",202609007,TRUE
"partial_confounding","CONF08",FALSE,"paired_phenotype_allocation",202609008,TRUE
"partial_confounding","CONF09",FALSE,"paired_phenotype_allocation",202609009,TRUE
"partial_confounding","CONF10",FALSE,"paired_phenotype_allocation",202609010,TRUE
"partial_confounding","CONF11",FALSE,"paired_phenotype_allocation",202609011,TRUE
"partial_confounding","CONF12",FALSE,"paired_phenotype_allocation",202609012,TRUE
"partial_confounding","CONF13",FALSE,"paired_phenotype_allocation",202609013,TRUE
"partial_confounding","CONF14",FALSE,"paired_phenotype_allocation",202609014,TRUE
"partial_confounding","CONF15",FALSE,"paired_phenotype_allocation",202609015,TRUE
"partial_confounding","CONF16",FALSE,"paired_phenotype_allocation",202609016,TRUE
"partial_confounding","CONF17",FALSE,"paired_phenotype_allocation",202609017,TRUE
"partial_confounding","CONF18",FALSE,"paired_phenotype_allocation",202609018,TRUE
"partial_confounding","CONF19",FALSE,"paired_phenotype_allocation",202609019,TRUE
"partial_confounding","CONF20",FALSE,"paired_phenotype_allocation",202609020,TRUE
